"","NameID","姓名","related","length","Surname","FirstName"
"1","N01394","羅慶隆","賓果",2,"賓","果"
"2","N00419","曹簡禹","胡卓",2,"胡","卓"
"3","N00078","應尚能","黃自",2,"黃","自"
"4","N01517","武遲","沈譔",2,"沈","譔"
"5","N01691","武遲","沈譔",2,"沈","譔"
"6","N00917","王錫蓂","雲鉞",2,"雲","鉞"
"7","N00917","王錫蓂","張善",2,"張","善"
"8","N01407","王錫蓂","雲鉞",2,"雲","鉞"
"9","N01407","王錫蓂","張善",2,"張","善"
"10","N00769","錢思亮","陳銓",2,"陳","銓"
"11","N01614","項毓元","許馨",2,"許","馨"
"12","N02034","陳科美","沈屢",2,"沈","屢"
"13","N01375","劉光瓊","祝弼",2,"祝","弼"
"14","N00213","翟念浦","裴鑑",2,"裴","鑑"
"15","N00802","李文瀛","劉？",2,"劉","？"
"16","N01102","王希慶","林庚",2,"林","庚"
"17","N01479","李希顏","陶億",2,"陶","億"
"18","N01316","梁世中","于鐘",2,"于","鐘"
"19","N01114","向景雲","趙镈",2,"趙","镈"
"20","N01905","周福全","趙泉",2,"趙","泉"
"21","N00665","馮秉銓","鐘間",2,"鐘","間"
"22","N01632","趙澤同","陳超",2,"陳","超"
"23","N01537","梁治明","錢鑫",2,"錢","鑫"
"24","N00703","李振芬","周勉",2,"周","勉"
"25","N00901","王光琦","盧晉",2,"盧","晉"
"26","N01225","陳克儉","徐仁",2,"徐","仁"
"27","N00862","傅紹霖","賓果",2,"賓","果"
"28","N00783","王世德","陳？",2,"陳","？"
"29","N00827","卓寶瑄","陳嘉",2,"陳","嘉"
"30","N00485","朱馭歐","任？",2,"任","？"
"31","N00485","朱馭歐","張銳",2,"張","銳"
"32","N00375","翟楚","陸達",2,"陸","達"
"33","N00257","林同濟","丁佶",2,"丁","佶"
"34","N01029","萬家寶","鄭秀",2,"鄭","秀"
"35","N00175","李輯祥","洪坤",2,"洪","坤"
"36","N01229","譚任叔","趙奇",2,"趙","奇"
"37","N00435","汪逢栗","王政",2,"王","政"
"38","N01160","夏湘蓉","劉漢",2,"劉","漢"
"39","N00496","邵德彝","王政",2,"王","政"
"40","N00650","張近恆","趙夔",2,"趙","夔"
"41","N01496","吳中樞","武遲",2,"武","遲"
"42","N00628","邢必信","趙夔",2,"趙","夔"
"43","N01459","王耀墉","葉英",2,"葉","英"
"44","N00266","唐亮","賀麟",2,"賀","麟"
"45","N00967","施邦彥","王柢",2,"王","柢"
"46","N01319","孫以瑋","郭暄",2,"郭","暄"
"47","N00185","段續川","曹昌",2,"曹","昌"
"48","N01646","鄭克廣","葉岑",2,"葉","岑"
"49","N01531","侯國璠","司澂",2,"司","澂"
"50","N02310","王馨逸","黃勤",2,"黃","勤"
"51","N01206","劉玉芝","任慧",2,"任","慧"
"52","N00774","鄺體乾","趙泉",2,"趙","泉"
"53","N00774","鄺體乾","譚真",2,"譚","真"
"54","N02225","滕圭","任泰",2,"任","泰"
"55","N02225","滕圭","王紓",2,"王","紓"
"56","N00697","米景沅","",0,"",""
"57","N00427","米景賢","林均",2,"林","均"
"58","N01608","寧榥","盛健",2,"盛","健"
"59","N00501","張昌穎","陳晉",2,"陳","晉"
"60","N00328","楊筠如","孔德",2,"孔","德"
"61","N00423","王季高","王政",2,"王","政"
"62","N00423","王季高","吳幹",2,"吳","幹"
"63","N00876","劉炳榮","尹政",2,"尹","政"
"64","N01262","王祥第","夏鼐",2,"夏","鼐"
"65","N01262","王祥第","陳元",2,"陳","元"
"66","N00345","向理潤","賀麟",2,"賀","麟"
"67","N01603","彭永馨","高泮",2,"高","泮"
"68","N00200","曹壽昌","滕春",2,"滕","春"
"69","N01528","胡家駒","韓鳴",2,"韓","鳴"
"70","N01277","李忠霖","沈同",2,"沈","同"
"71","N00433","吳柳生","陳貫",2,"陳","貫"
"72","N00626","吳宣易","吳晗",2,"吳","晗"
"73","N01187","郭吾真","向仲",2,"向","仲"
"74","N01187","郭吾真","李瑋",2,"李","瑋"
"75","N00578","程毓歧","李彬",2,"李","彬"
"76","N01131","吳至信","周蓁",2,"周","蓁"
"77","N01653","蔡淳","李寬",2,"李","寬"
"78","N00440","祁開智","王政",2,"王","政"
"79","N00377","劉行駿","劉瑚",2,"劉","瑚"
"80","N00868","葉葉琴","趙奇",2,"趙","奇"
"81","N00212","聞亦齊","賀闓",2,"賀","闓"
"82","N00512","熊學謙","聞齊",2,"聞","齊"
"83","N00512","熊學謙","賀闓",2,"賀","闓"
"84","N00512","熊學謙","高翰",2,"高","翰"
"85","N01597","許馨","武遲",2,"武","遲"
"86","N01639","劉昌鏐","武遲",2,"武","遲"
"87","N01639","劉昌鏐","許馨",2,"許","馨"
"88","N01335","張壽蔭","于鐘",2,"于","鐘"
"89","N00442","倪中方","王政",2,"王","政"
"90","N01154","馬聳雲","沈同",2,"沈","同"
"91","N00749","曾迪先","曾特",2,"曾","特"
"92","N01387","閻振興","郭暄",2,"郭","暄"
"93","N01302","宓祥楙","汪鴻",2,"汪","鴻"
"94","N01302","宓祥楙","黃強",2,"黃","強"
"95","N01483","李炳之","郭喧",2,"郭","喧"
"96","N01483","李炳之","馮鏡",2,"馮","鏡"
"97","N00283","郭慶棻","張泳",2,"張","泳"
"98","N00184","姚楷","張任",2,"張","任"
"99","N00184","姚楷","裴鑑",2,"裴","鑑"
"100","N00618","王元照","曾特",2,"曾","特"
"101","N01609","馮鏡","陳超",2,"陳","超"
"102","N00949","吳祖襄","吳晗",2,"吳","晗"
"103","N00955","谷霽光","張傑",2,"張","傑"
"104","N00955","谷霽光","何基",2,"何","基"
"105","N01305","易仁荄","王栻",2,"王","栻"
"106","N01506","扶學錬","向仲",2,"向","仲"
"107","N01506","扶學錬","盛健",2,"盛","健"
"108","N01315","徐賢修","夏鼐",2,"夏","鼐"
"109","N01315","徐賢修","王栻",2,"王","栻"
"110","N00481","劉節","王？",2,"王","？"
"111","N00481","劉節","王力",2,"王","力"
"112","N00111","胡竟銘","許鑑",2,"許","鑑"
"113","N01448","王修琛","方嚴",2,"方","嚴"
"114","N01449","王修瑜","方嚴",2,"方","嚴"
"115","N00944","李殿桐","郭喧",2,"郭","喧"
"116","N00944","李殿桐","陳超",2,"陳","超"
"117","N00591","劉信芳","雲鉞",2,"雲","鉞"
"118","N01144","季羨林","林庚",2,"林","庚"
"119","N00152","蕭津","許鑑",2,"許","鑑"
"120","N00160","王仕倬","張任",2,"張","任"
"121","N01354","許南明","高梓",2,"高","梓"
"122","N00023","吳錦銓","？",1,"？","？"
"123","N00023","吳錦銓","王箴",2,"王","箴"
"124","N01384","錢偉長","陳彬",2,"陳","彬"
"125","N00452","陸貫一","王政",2,"王","政"
"126","N00336","丁緒淮","楊偉",2,"楊","偉"
"127","N01652","蔡孔耀","武遲",2,"武","遲"
"128","N00705","李景清","陶音",2,"陶","音"
"129","N01275","李召南","高鶴",2,"高","鶴"
"130","N01275","李召南","郭暄",2,"郭","暄"
"131","N01599","章克槮","沈鑑",2,"沈","鑑"
"132","N01213","劉濬業","沈同",2,"沈","同"
"133","N01933","林禮銓","劉弜",2,"劉","弜"
"134","N01513","林元枝","朱元",2,"朱","元"
"135","N01689","林良桐","陳鑾",2,"陳","鑾"
"136","N01141","林良桐","陳鑾",2,"陳","鑾"
"137","N01146","范鐘銎","徐仁",2,"徐","仁"
"138","N01694","孫觀漢","武遲",2,"武","遲"
"139","N01694","孫觀漢","沈鑑",2,"沈","鑑"
"140","N00662","崔自新","趙夔",2,"趙","夔"
"141","N00993","張傑","陳箴",2,"陳","箴"
"142","N00993","張傑","李寬",2,"李","寬"
"143","N00254","杜長明","吳幹",2,"吳","幹"
"144","N00254","杜長明","王之",2,"王","之"
"145","N01264","王道平","謝嘉",2,"謝","嘉"
"146","N01460","方俊銎","盛健",2,"盛","健"
"147","N01460","方俊銎","寗榥",2,"寗","榥"
"148","N02915","謝國度","陳燾",2,"陳","燾"
"149","N01099","丁宣堉","沈同",2,"沈","同"
"150","N00632","周振鶴","周勉",2,"周","勉"
"151","N00839","張家聲","周勉",2,"周","勉"
"152","N00379","蔡鼎","吳潤",2,"吳","潤"
"153","N00467","鐘俊麟","涂治",2,"涂","治"
"154","N00056","程強","邱廣",2,"邱","廣"
"155","N00484","永天同","洪深",2,"洪","深"
"156","N01443","王伏雄","王栻",2,"王","栻"
"157","N01669","韓章","巢捷",2,"巢","捷"
"158","N00457","董承顯","丁佶",2,"丁","佶"
"159","N02839","劉中藩","邱椿",2,"邱","椿"
"160","N01186","曹覺民","徐治",2,"徐","治"
"161","N01637","劉述真","何基",2,"何","基"
"162","N01178","陳箴","李寬",2,"李","寬"
"163","N00471","朱芳圃","劉節",2,"劉","節"
"164","N00293","賀麟","吳宓",2,"吳","宓"
"165","N00293","賀麟","陳銓",2,"陳","銓"
"166","N01107","尹國塏","王柢",2,"王","柢"
"167","N00631","周勉","陳壽",2,"陳","壽"
"168","N01529","胡繼蘇","周蓁",2,"周","蓁"
"169","N00462","劉建熙","王之",2,"王","之"
"170","N00462","劉建熙","周勉",2,"周","勉"
"171","N00801","李士毅","賓果",2,"賓","果"
"172","N01565","張遂五","王植",2,"王","植"
"173","N00247","李效民","唐亮",2,"唐","亮"
"174","N01110","左登金","蔡淳",2,"蔡","淳"
"175","N00210","賈幼慧","童雋",2,"童","雋"
"176","N00854","黃華庭","石端",2,"石","端"
"177","N01734","梁定薊","黃光",2,"黃","光"
"178","N01301","金國治","汪鴻",2,"汪","鴻"
"179","N00825","邵仲和","",0,"",""
"180","N01509","杜秉正","姚鑒",2,"姚","鑒"
"181","N01442","王友彬","盛健",2,"盛","健"
"182","N00284","陶葆楷","張銳",2,"張","銳"
"183","N00284","陶葆楷","王之",2,"王","之"
"184","N01563","張英駿","武遲",2,"武","遲"
"185","N01642","劉瑞章","陳超",2,"陳","超"
"186","N00841","張勗仁","劉蔤",2,"劉","蔤"
"187","N00577","戚桂山","周瑞",2,"周","瑞"
"188","N00699","何會源","王政",2,"王","政"
"189","N00690","王肇徵","姚潛",2,"姚","潛"
"190","N00747","梅嶺先","陳箴",2,"陳","箴"
"191","N00739","陳鳳肇","陳益",2,"陳","益"
"192","N00740","陳紹博","周勉",2,"周","勉"
"193","N00688","王家棟","羅毅",2,"羅","毅"
"194","N00908","王啟無","陳？",2,"陳","？"
"195","N00908","王啟無","沈同",2,"沈","同"
"196","N00864","陽明炤","尹政",2,"尹","政"
"197","N00786","王肇徵","姚潛",2,"姚","潛"
"198","N01616","賀恩慈","梁衍",2,"梁","衍"
"199","N01520","邵循怡","陳榮",2,"陳","榮"
"200","N01610","傅茵波","李圻",2,"李","圻"
"201","N01610","傅茵波","聶英",2,"聶","英"
"202","N01223","謝家澤","唐湘",2,"唐","湘"
"203","N01248","溫步頤","馬傑",2,"馬","傑"
"204","N00382","繆經田","任泰",2,"任","泰"
"205","N00516","蔭本達","梁衍",2,"梁","衍"
"206","N00516","蔭本達","朱彬",2,"朱","彬"
"207","N00215","裴鑑","常敘",2,"常","敘"
"208","N00215","裴鑑","馬傑",2,"馬","傑"
"209","N00215","裴鑑","任泰",2,"任","泰"
"210","N00455","程伯京","梁衍",2,"梁","衍"
"211","N00265","梁矩章","梁衍",2,"梁","衍"
"212","N00265","梁矩章","梁普",2,"梁","普"
"213","N00127","張喬嗇","胡毅",2,"胡","毅"
"214","N00127","張喬嗇","賀闓",2,"賀","闓"
"215","N00150","駱啟榮","胡毅",2,"胡","毅"
"216","N00150","駱啟榮","黃冀",2,"黃","冀"
"217","N00095","李方桂","李濟",2,"李","濟"
"218","N00137","黃競武","陳熹",2,"陳","熹"
"219","N00153","蕭慶雲","曹昌",2,"曹","昌"
"220","N02939","羅集誼","仝上",2,"仝","上"
"221","N00361","陳洋溢","舒叔培",3,"舒","叔培"
"222","N00361","陳洋溢","胡竟明",3,"胡","竟明"
"223","N00361","陳洋溢","周自安",3,"周","自安"
"224","N00138","曹昌","胡光？",3,"胡","光？"
"225","N00138","曹昌","金龍章",3,"金","龍章"
"226","N00138","曹昌","王愼名",3,"王","愼名"
"227","N00514","盧明德","彭光欽",3,"彭","光欽"
"228","N02355","何格恩","陳邊天",3,"陳","邊天"
"229","N02355","何格恩","梁方仲",3,"梁","方仲"
"230","N01394","羅慶隆","熊尚元",3,"熊","尚元"
"231","N01394","羅慶隆","王家寶",3,"王","家寶"
"232","N01394","羅慶隆","楊珠翰",3,"楊","珠翰"
"233","N01394","羅慶隆","金開英",3,"金","開英"
"234","N01397","顧良","傅任政",3,"傅","任政"
"235","N02130","傅道伸","許學昌",3,"許","學昌"
"236","N02130","傅道伸","霍寶樹",3,"霍","寶樹"
"237","N01524","郁鐘正","王大珩",3,"王","大珩"
"238","N01524","郁鐘正","錢三強",3,"錢","三強"
"239","N01524","郁鐘正","戴中？",3,"戴","中？"
"240","N00419","曹簡禹","顧靜徽",3,"顧","靜徽"
"241","N01470","朱樹恭","劉光華",3,"劉","光華"
"242","N01488","李朝光","胡家駒",3,"胡","家駒"
"243","N01488","李朝光","李耀鈞",3,"李","耀鈞"
"244","N01488","李朝光","袁家麟",3,"袁","家麟"
"245","N01488","李朝光","林元枝",3,"林","元枝"
"246","N00078","應尚能","應尚才",3,"應","尚才"
"247","N00078","應尚能","吳去非",3,"吳","去非"
"248","N00076","謝奮程","黃子卿",3,"黃","子卿"
"249","N00076","謝奮程","麥健曾",3,"麥","健曾"
"250","N00076","謝奮程","席德柄",3,"席","德柄"
"251","N01517","武遲","陳冠榮",3,"陳","冠榮"
"252","N01517","武遲","張英駿",3,"張","英駿"
"253","N01691","武遲","陳冠榮",3,"陳","冠榮"
"254","N01691","武遲","張英駿",3,"張","英駿"
"255","N01222","謝光華","張以文",3,"張","以文"
"256","N01222","謝光華","田淑瑗",3,"田","淑瑗"
"257","N01222","謝光華","丁宣堉",3,"丁","宣堉"
"258","N01873","沈彬貞","王季玉",3,"王","季玉"
"259","N01873","沈彬貞","陸梅僧",3,"陸","梅僧"
"260","N01193","稽訓煌","汪企祖",3,"汪","企祖"
"261","N00917","王錫蓂","王維顯",3,"王","維顯"
"262","N01407","王錫蓂","王維顯",3,"王","維顯"
"263","N01312","俞慶仁","孫德和",3,"孫","德和"
"264","N01312","俞慶仁","高振衛",3,"高","振衛"
"265","N01312","俞慶仁","孟廣俊",3,"孟","廣俊"
"266","N00204","彭文應","王造時",3,"王","造時"
"267","N00204","彭文應","王國忠",3,"王","國忠"
"268","N00204","彭文應","陳國瑲",3,"陳","國瑲"
"269","N00161","王正","陳國瑲",3,"陳","國瑲"
"270","N00161","王正","汪國興",3,"汪","國興"
"271","N00161","王正","劉正炯",3,"劉","正炯"
"272","N00161","王正","丁濟祥",3,"丁","濟祥"
"273","N00125","張明昕","羅孝章",3,"羅","孝章"
"274","N00125","張明昕","程瀛元",3,"程","瀛元"
"275","N00685","龔邦佐","夏堅白",3,"夏","堅白"
"276","N00685","龔邦佐","汪殿華",3,"汪","殿華"
"277","N00685","龔邦佐","趙九章",3,"趙","九章"
"278","N00769","錢思亮","楊珠瀚",3,"楊","珠瀚"
"279","N00769","錢思亮","孫承諤",3,"孫","承諤"
"280","N00769","錢思亮","王敬立",3,"王","敬立"
"281","N00769","錢思亮","黃子卿",3,"黃","子卿"
"282","N00769","錢思亮","高崇熙",3,"高","崇熙"
"283","N01614","項毓元","蔡孔耀",3,"蔡","孔耀"
"284","N01614","項毓元","朱樹恭",3,"朱","樹恭"
"285","N02034","陳科美","張耀翔",3,"張","耀翔"
"286","N02034","陳科美","余楠秋",3,"余","楠秋"
"287","N00062","葛益熾","沈培民",3,"沈","培民"
"288","N00062","葛益熾","周茲諸",3,"周","茲諸"
"289","N01375","劉光瓊","魏繼武",3,"魏","繼武"
"290","N01375","劉光瓊","蘇景泉",3,"蘇","景泉"
"291","N00849","陳達明","潘載生",3,"潘","載生"
"292","N00849","陳達明","劉錫璋",3,"劉","錫璋"
"293","N00213","翟念浦","段續川",3,"段","續川"
"294","N00213","翟念浦","馬彥章",3,"馬","彥章"
"295","N00802","李文瀛","于滌川",3,"于","滌川"
"296","N00802","李文瀛","王香？",3,"王","香？"
"297","N00802","李文瀛","吳景芳",3,"吳","景芳"
"298","N00802","李文瀛","武崇漢",3,"武","崇漢"
"299","N00802","李文瀛","李嘉言",3,"李","嘉言"
"300","N02151","萬昕","熊大仕",3,"熊","大仕"
"301","N02151","萬昕","陳之長",3,"陳","之長"
"302","N02151","萬昕","張心一",3,"張","心一"
"303","N02151","萬昕","李相宏",3,"李","相宏"
"304","N00899","王式周","李殿桐",3,"李","殿桐"
"305","N00899","王式周","李國幹",3,"李","國幹"
"306","N01195","羨鐘汾","趙鳳恩",3,"趙","鳳恩"
"307","N01195","羨鐘汾","張國威",3,"張","國威"
"308","N01195","羨鐘汾","張以文",3,"張","以文"
"309","N01123","李琦","江世煦",3,"江","世煦"
"310","N01123","李琦","于滌川",3,"于","滌川"
"311","N01102","王希慶","林元枝",3,"林","元枝"
"312","N00704","李植泉","曾迪先",3,"曾","迪先"
"313","N00704","李植泉","陳仲秀",3,"陳","仲秀"
"314","N00704","李植泉","王家棟",3,"王","家棟"
"315","N00704","李植泉","陳通聲",3,"陳","通聲"
"316","N01626","董同龢","陳明紹",3,"陳","明紹"
"317","N01626","董同龢","楊天祥",3,"楊","天祥"
"318","N01626","董同龢","吳宗濟",3,"吳","宗濟"
"319","N01479","李希顏","范繼增",3,"范","繼增"
"320","N01479","李希顏","段學復",3,"段","學復"
"321","N01479","李希顏","徐步墀",3,"徐","步墀"
"322","N01479","李希顏","彭世元",3,"彭","世元"
"323","N01479","李希顏","徐賢修",3,"徐","賢修"
"324","N00803","李正驤","萬鴻開",3,"萬","鴻開"
"325","N00803","李正驤","趙康節",3,"趙","康節"
"326","N00803","李正驤","侯厚吉",3,"侯","厚吉"
"327","N01316","梁世中","張桂山",3,"張","桂山"
"328","N01316","梁世中","李蘊之",3,"李","蘊之"
"329","N01316","梁世中","沙啟霖",3,"沙","啟霖"
"330","N00547","孟廣喆","李健吾",3,"李","健吾"
"331","N00547","孟廣喆","汪燕傑",3,"汪","燕傑"
"332","N00547","孟廣喆","夏堅白",3,"夏","堅白"
"333","N01258","王元鳴","華粹深",3,"華","粹深"
"334","N01258","王元鳴","李祥煜",3,"李","祥煜"
"335","N01533","紀富陹","李琇琳",3,"李","琇琳"
"336","N01533","紀富陹","富寶昌",3,"富","寶昌"
"337","N01533","紀富陹","彭永馨",3,"彭","永馨"
"338","N01535","俞大鯤","朱寶復",3,"朱","寶復"
"339","N01535","俞大鯤","張時中",3,"張","時中"
"340","N01535","俞大鯤","段學復",3,"段","學復"
"341","N01114","向景雲","黃開祿",3,"黃","開祿"
"342","N01114","向景雲","董鴻開",3,"董","鴻開"
"343","N01309","范繼增","王香毓",3,"王","香毓"
"344","N01309","范繼增","王瑞仁",3,"王","瑞仁"
"345","N01332","張檸森","陳福康",3,"陳","福康"
"346","N01332","張檸森","孫建中",3,"孫","建中"
"347","N01332","張檸森","劉秉衡",3,"劉","秉衡"
"348","N01332","張檸森","鄭曾期",3,"鄭","曾期"
"349","N01332","張檸森","張人俊",3,"張","人俊"
"350","N01332","張檸森","伍正誠",3,"伍","正誠"
"351","N01332","張檸森","樊際麟",3,"樊","際麟"
"352","N01332","張檸森","賀知禮",3,"賀","知禮"
"353","N01311","祝新民","濮思本",3,"濮","思本"
"354","N01311","祝新民","劉雋快",3,"劉","雋快"
"355","N01311","祝新民","謝錫爵",3,"謝","錫爵"
"356","N01311","祝新民","張人俊",3,"張","人俊"
"357","N00959","林庚","李長植",3,"李","長植"
"358","N00959","林庚","覃修典",3,"覃","修典"
"359","N00959","林庚","張文華",3,"張","文華"
"360","N01546","唐寶鑫","王馨廸",3,"王","馨廸"
"361","N01546","唐寶鑫","胡家駒",3,"胡","家駒"
"362","N01546","唐寶鑫","盛澄華",3,"盛","澄華"
"363","N01546","唐寶鑫","趙澤同",3,"趙","澤同"
"364","N01546","唐寶鑫","王萬福",3,"王","萬福"
"365","N00939","李祥煜","吳世英",3,"吳","世英"
"366","N00939","李祥煜","梁世中",3,"梁","世中"
"367","N00939","李祥煜","王元鳴",3,"王","元鳴"
"368","N01310","祝弼","劉光瓊",3,"劉","光瓊"
"369","N01310","祝弼","傅承智",3,"傅","承智"
"370","N01310","祝弼","李忠霖",3,"李","忠霖"
"371","N01905","周福全","陳立廷",3,"陳","立廷"
"372","N01905","周福全","沈仁培",3,"沈","仁培"
"373","N00805","李尚彬","沙啟霖",3,"沙","啟霖"
"374","N00805","李尚彬","王樹芳",3,"王","樹芳"
"375","N00497","哈駿文","邵曾華",3,"邵","曾華"
"376","N00497","哈駿文","水天同",3,"水","天同"
"377","N01240","殷宏章","陳耕陶",3,"陳","耕陶"
"378","N00665","馮秉銓","張昌培",3,"張","昌培"
"379","N00665","馮秉銓","施國鈞",3,"施","國鈞"
"380","N01659","錢鑫","梁治明",3,"梁","治明"
"381","N01659","錢鑫","金啟疇",3,"金","啟疇"
"382","N01659","錢鑫","夏震寰",3,"夏","震寰"
"383","N01659","錢鑫","周太開",3,"周","太開"
"384","N01299","周葆珍","吳尊爵",3,"吳","尊爵"
"385","N01299","周葆珍","劉雋快",3,"劉","雋快"
"386","N00823","金郁彮","姚琮銘",3,"姚","琮銘"
"387","N00823","金郁彮","劉德鈞",3,"劉","德鈞"
"388","N00823","金郁彮","黃恭仰",3,"黃","恭仰"
"389","N01632","趙澤同","袁家麟",3,"袁","家麟"
"390","N01632","趙澤同","李朝光",3,"李","朝光"
"391","N01537","梁治明","夏震寰",3,"夏","震寰"
"392","N01537","梁治明","鄒承曾",3,"鄒","承曾"
"393","N01537","梁治明","王忠漢",3,"王","忠漢"
"394","N02178","劉潤華","劉錫嘏",3,"劉","錫嘏"
"395","N02178","劉潤華","徐振鏞",3,"徐","振鏞"
"396","N02178","劉潤華","黃國祥",3,"黃","國祥"
"397","N02720","常策歐","陳鴻賓",3,"陳","鴻賓"
"398","N02720","常策歐","秦善銎",3,"秦","善銎"
"399","N02720","常策歐","張傑民",3,"張","傑民"
"400","N00431","李謨熾","李謨焌",3,"李","謨焌"
"401","N00431","李謨熾","劉建熙",3,"劉","建熙"
"402","N00431","李謨熾","傅任敢",3,"傅","任敢"
"403","N00511","趙以炳","葉企孫",3,"葉","企孫"
"404","N00511","趙以炳","彭光啟",3,"彭","光啟"
"405","N00511","趙以炳","馮桂運",3,"馮","桂運"
"406","N02129","費興仁","周寄梅",3,"周","寄梅"
"407","N02129","費興仁","梅月涵",3,"梅","月涵"
"408","N00703","李振芬","羅北辰",3,"羅","北辰"
"409","N00703","李振芬","郝御風",3,"郝","御風"
"410","N01013","常鳳瑑","錢鐘書",3,"錢","鐘書"
"411","N01013","常鳳瑑","徐振德",3,"徐","振德"
"412","N01013","常鳳瑑","徐七瑚",3,"徐","七瑚"
"413","N00331","劉盼家","饒孟侃",3,"饒","孟侃"
"414","N00331","劉盼家","張廣興",3,"張","廣興"
"415","N00331","劉盼家","蔣天樞",3,"蔣","天樞"
"416","N00901","王光琦","衣復德",3,"衣","復德"
"417","N00901","王光琦","江世煦",3,"江","世煦"
"418","N00853","黃涪","劉大白",3,"劉","大白"
"419","N00853","黃涪","顧爾饋",3,"顧","爾饋"
"420","N00853","黃涪","杜俊東",3,"杜","俊東"
"421","N00794","朱世傑","李成藩",3,"李","成藩"
"422","N00794","朱世傑","李斯彥",3,"李","斯彥"
"423","N00794","朱世傑","范先燁",3,"范","先燁"
"424","N01063","饒毓慶","張夢莊",3,"張","夢莊"
"425","N01063","饒毓慶","黃春雲",3,"黃","春雲"
"426","N01063","饒毓慶","鐘書箴",3,"鐘","書箴"
"427","N01063","饒毓慶","白富文",3,"白","富文"
"428","N01225","陳克儉","王啟無",3,"王","啟無"
"429","N01292","汪德熙","張明哲",3,"張","明哲"
"430","N01292","汪德熙","陳新民",3,"陳","新民"
"431","N01292","汪德熙","羅建本",3,"羅","建本"
"432","N01566","張琬華","唐寶鑫",3,"唐","寶鑫"
"433","N01566","張琬華","林元枝",3,"林","元枝"
"434","N00828","姚均","王秉厚",3,"王","秉厚"
"435","N00828","姚均","蕭承憲",3,"蕭","承憲"
"436","N00828","姚均","田保生",3,"田","保生"
"437","N00828","姚均","汪一鶴",3,"汪","一鶴"
"438","N00828","姚均","邵仲和",3,"邵","仲和"
"439","N00828","姚均","張家聲",3,"張","家聲"
"440","N00828","姚均","倪因心",3,"倪","因心"
"441","N02252","饒用澤","謝保樵",3,"謝","保樵"
"442","N02252","饒用澤","劉師舜",3,"劉","師舜"
"443","N02252","饒用澤","李飛生",3,"李","飛生"
"444","N01503","邢其淹","劉秉仁",3,"劉","秉仁"
"445","N01503","邢其淹","梁嘉鐘",3,"梁","嘉鐘"
"446","N01503","邢其淹","王森堂",3,"王","森堂"
"447","N00862","傅紹霖","劉迺桐",3,"劉","迺桐"
"448","N00862","傅紹霖","田保生",3,"田","保生"
"449","N00862","傅紹霖","戴世光",3,"戴","世光"
"450","N00862","傅紹霖","汪賜曾",3,"汪","賜曾"
"451","N00340","王愼名","吳國楨",3,"吳","國楨"
"452","N00340","王愼名","邵曾華",3,"邵","曾華"
"453","N01585","黃京羣","樊際麟",3,"樊","際麟"
"454","N01585","黃京羣","崔興亞",3,"崔","興亞"
"455","N01621","楊開宇","韓愼恭",3,"韓","愼恭"
"456","N01621","楊開宇","王德政",3,"王","德政"
"457","N00783","王世德","王啟無",3,"王","啟無"
"458","N00783","王世德","傅永漢",3,"傅","永漢"
"459","N01655","鮑熙年","尹忠順",3,"尹","忠順"
"460","N01655","鮑熙年","劉雋快",3,"劉","雋快"
"461","N01655","鮑熙年","王世威",3,"王","世威"
"462","N01447","王忠漢","鄒承曾",3,"鄒","承曾"
"463","N00485","朱馭歐","沈熙瑞",3,"沈","熙瑞"
"464","N00485","朱馭歐","陶葆楷",3,"陶","葆楷"
"465","N00485","朱馭歐","谷宗濟",3,"谷","宗濟"
"466","N00485","朱馭歐","吳景超",3,"吳","景超"
"467","N00375","翟楚","顧毓珍",3,"顧","毓珍"
"468","N00375","翟楚","酆裕坤",3,"酆","裕坤"
"469","N00375","翟楚","黃海清",3,"黃","海清"
"470","N01149","徐芝綸","熊汝達",3,"熊","汝達"
"471","N01149","徐芝綸","左登金",3,"左","登金"
"472","N01149","徐芝綸","李丕濟",3,"李","丕濟"
"473","N01241","徐芝綸","熊汝達",3,"熊","汝達"
"474","N01241","徐芝綸","左登金",3,"左","登金"
"475","N01241","徐芝綸","李丕濟",3,"李","丕濟"
"476","N00257","林同濟","徐敦璋",3,"徐","敦璋"
"477","N00257","林同濟","羅隆基",3,"羅","隆基"
"478","N00257","林同濟","沈熙瑞",3,"沈","熙瑞"
"479","N00257","林同濟","陳欽仁",3,"陳","欽仁"
"480","N01684","王兆振","張廷金",3,"張","廷金"
"481","N01029","萬家寶","孫浩然",3,"孫","浩然"
"482","N01029","萬家寶","張彭春",3,"張","彭春"
"483","N00846","陳松","田保生",3,"田","保生"
"484","N01647","鄭秀","萬家寶",3,"萬","家寶"
"485","N01647","鄭秀","黃菊如",3,"黃","菊如"
"486","N01647","鄭秀","賀恩慈",3,"賀","恩慈"
"487","N00147","趙恩鉅","李方桂",3,"李","方桂"
"488","N00147","趙恩鉅","蕭慶雲",3,"蕭","慶雲"
"489","N00147","趙恩鉅","汪大燧",3,"汪","大燧"
"490","N00175","李輯祥","蔡方蔭",3,"蔡","方蔭"
"491","N00175","李輯祥","夏彥儒",3,"夏","彥儒"
"492","N00175","李輯祥","黃家驊",3,"黃","家驊"
"493","N00175","李輯祥","林伯遵",3,"林","伯遵"
"494","N00175","李輯祥","莊前鼎",3,"莊","前鼎"
"495","N01134","吳景芳","王冠章",3,"王","冠章"
"496","N01134","吳景芳","劉振華",3,"劉","振華"
"497","N01134","吳景芳","宋樂岩",3,"宋","樂岩"
"498","N01134","吳景芳","薛永譽",3,"薛","永譽"
"499","N01134","吳景芳","崔殿魁",3,"崔","殿魁"
"500","N00499","凌顯常","赫穎舉",3,"赫","穎舉"
"501","N01844","李小緣","袁守和",3,"袁","守和"
"502","N01844","李小緣","戴志騫",3,"戴","志騫"
"503","N02132","童德富","程德谞",3,"程","德谞"
"504","N02132","童德富","錢天鶴",3,"錢","天鶴"
"505","N01229","譚任叔","李紹姒",3,"李","紹姒"
"506","N01229","譚任叔","葉葉琴",3,"葉","葉琴"
"507","N01229","譚任叔","王蔚華",3,"王","蔚華"
"508","N01229","譚任叔","霍世林",3,"霍","世林"
"509","N01229","譚任叔","郝御風",3,"郝","御風"
"510","N00435","汪逢栗","何義均",3,"何","義均"
"511","N00435","汪逢栗","陳麟瑞",3,"陳","麟瑞"
"512","N00435","汪逢栗","王季高",3,"王","季高"
"513","N00435","汪逢栗","李忍濤",3,"李","忍濤"
"514","N00435","汪逢栗","范存仁",3,"范","存仁"
"515","N01604","彭世元","范新潤",3,"范","新潤"
"516","N01604","彭世元","王學傑",3,"王","學傑"
"517","N01604","彭世元","范績曾",3,"范","績曾"
"518","N01084","覃修典","劉迺桐",3,"劉","迺桐"
"519","N01084","覃修典","沙啟霖",3,"沙","啟霖"
"520","N01084","覃修典","張有齡",3,"張","有齡"
"521","N00863","覃修典","劉迺桐",3,"劉","迺桐"
"522","N00863","覃修典","沙啟霖",3,"沙","啟霖"
"523","N00863","覃修典","張有齡",3,"張","有齡"
"524","N00245","李忍濤","杜文若",3,"杜","文若"
"525","N00245","李忍濤","李漢俊",3,"李","漢俊"
"526","N00245","李忍濤","汪逢栗",3,"汪","逢栗"
"527","N02629","張廣興","李相宏",3,"李","相宏"
"528","N02629","張廣興","高惜冰",3,"高","惜冰"
"529","N02629","張廣興","唐仰虞",3,"唐","仰虞"
"530","N02629","張廣興","劉盼遂",3,"劉","盼遂"
"531","N02629","張廣興","孫延中",3,"孫","延中"
"532","N02629","張廣興","奚東曙",3,"奚","東曙"
"533","N00173","何玉昆","林長明",3,"林","長明"
"534","N00173","何玉昆","陳國瑲",3,"陳","國瑲"
"535","N00173","何玉昆","李進隆",3,"李","進隆"
"536","N01138","宋根波","董兆鳳",3,"董","兆鳳"
"537","N01138","宋根波","薛培真",3,"薛","培真"
"538","N01138","宋根波","王之珍",3,"王","之珍"
"539","N00504","陳起華","李連華",3,"李","連華"
"540","N00504","陳起華","沈錫琳",3,"沈","錫琳"
"541","N00504","陳起華","鐘輝天",3,"鐘","輝天"
"542","N01501","汪國瑗","夏湘蓉",3,"夏","湘蓉"
"543","N01501","汪國瑗","王鐵崖",3,"王","鐵崖"
"544","N01501","汪國瑗","程純樞",3,"程","純樞"
"545","N00228","羅倫","汪德亮",3,"汪","德亮"
"546","N00228","羅倫","程迺頤",3,"程","迺頤"
"547","N00179","汪國興","鐘俊鄰",3,"鐘","俊鄰"
"548","N00179","汪國興","曹壽昌",3,"曹","壽昌"
"549","N00179","汪國興","陳大京",3,"陳","大京"
"550","N01268","王遵明","夏湘蓉",3,"夏","湘蓉"
"551","N01268","王遵明","鐘用達",3,"鐘","用達"
"552","N01268","王遵明","熊大縝",3,"熊","大縝"
"553","N01408","王遵明","夏湘蓉",3,"夏","湘蓉"
"554","N01408","王遵明","鐘用達",3,"鐘","用達"
"555","N01408","王遵明","熊大縝",3,"熊","大縝"
"556","N01160","夏湘蓉","楊遵儀",3,"楊","遵儀"
"557","N01160","夏湘蓉","陶瑞格",3,"陶","瑞格"
"558","N01160","夏湘蓉","李蘊之",3,"李","蘊之"
"559","N01160","夏湘蓉","李洪謨",3,"李","洪謨"
"560","N01160","夏湘蓉","劉輝泗",3,"劉","輝泗"
"561","N00068","熊大化","楊石先",3,"楊","石先"
"562","N00068","熊大化","？仲薰",3,"？","仲薰"
"563","N00068","熊大化","邱宗岳",3,"邱","宗岳"
"564","N00496","邵德彝","王季高",3,"王","季高"
"565","N00496","邵德彝","鄒邦梁",3,"鄒","邦梁"
"566","N00496","邵德彝","汪逢栗",3,"汪","逢栗"
"567","N01353","陶端格","余昌梧",3,"余","昌梧"
"568","N01353","陶端格","劉輝泗",3,"劉","輝泗"
"569","N01353","陶端格","羅建本",3,"羅","建本"
"570","N01353","陶端格","李純健",3,"李","純健"
"571","N01643","劉輝泗","夏湘蓉",3,"夏","湘蓉"
"572","N01643","劉輝泗","熊秉信",3,"熊","秉信"
"573","N01643","劉輝泗","舒揚棨",3,"舒","揚棨"
"574","N02826","熊公讀","熊正綸",3,"熊","正綸"
"575","N02826","熊公讀","吳學仁",3,"吳","學仁"
"576","N00140","梅汝璈","梅旸春",3,"梅","旸春"
"577","N00140","梅汝璈","謝奮程",3,"謝","奮程"
"578","N01690","徐仁壽","薛卓斌",3,"薛","卓斌"
"579","N01690","徐仁壽","徐民壽",3,"徐","民壽"
"580","N01690","徐仁壽","章宗傅",3,"章","宗傅"
"581","N00650","張近恆","章宗傳",3,"章","宗傳"
"582","N00650","張近恆","邢必信",3,"邢","必信"
"583","N00650","張近恆","龔邦佐",3,"龔","邦佐"
"584","N00650","張近恆","郭可詠",3,"郭","可詠"
"585","N01496","吳中樞","袁翰青",3,"袁","翰青"
"586","N01496","吳中樞","葛春林",3,"葛","春林"
"587","N01587","黃冠羣","黃淬伯",3,"黃","淬伯"
"588","N00558","袁翰青","高警寒",3,"高","警寒"
"589","N00558","袁翰青","施士元",3,"施","士元"
"590","N00558","袁翰青","曾遠榮",3,"曾","遠榮"
"591","N00614","袁翰青","高警寒",3,"高","警寒"
"592","N00614","袁翰青","施士元",3,"施","士元"
"593","N00614","袁翰青","曾遠榮",3,"曾","遠榮"
"594","N01337","陳汝治","周源植",3,"周","源植"
"595","N01337","陳汝治","陳祖東",3,"陳","祖東"
"596","N01337","陳汝治","鄭裕華",3,"鄭","裕華"
"597","N00628","邢必信","吳志翔",3,"吳","志翔"
"598","N00628","邢必信","張近恆",3,"張","近恆"
"599","N00628","邢必信","戴世光",3,"戴","世光"
"600","N00039","孫清波","張祖蔭",3,"張","祖蔭"
"601","N00039","孫清波","趙運芳",3,"趙","運芳"
"602","N01459","王耀墉","黃開祿",3,"黃","開祿"
"603","N01459","王耀墉","范中廉",3,"范","中廉"
"604","N00671","楊迺庚","龔邦佐",3,"龔","邦佐"
"605","N00671","楊迺庚","章宗傳",3,"章","宗傳"
"606","N00671","楊迺庚","崔自新",3,"崔","自新"
"607","N00103","余相林","黃憲儒",3,"黃","憲儒"
"608","N00103","余相林","余文燦",3,"余","文燦"
"609","N00103","余相林","黃博文",3,"黃","博文"
"610","N00266","唐亮","聞一多",3,"聞","一多"
"611","N00266","唐亮","羅念生",3,"羅","念生"
"612","N01700","鄭重","李大璋",3,"李","大璋"
"613","N01215","鄭重","李大璋",3,"李","大璋"
"614","N00967","施邦彥","虞振鏞",3,"虞","振鏞"
"615","N00967","施邦彥","衣復德",3,"衣","復德"
"616","N00601","羅北辰","樓福卿",3,"樓","福卿"
"617","N00601","羅北辰","梁敬釗",3,"梁","敬釗"
"618","N00601","羅北辰","崔自新",3,"崔","自新"
"619","N00601","羅北辰","翟克恭",3,"翟","克恭"
"620","N00601","羅北辰","陳長桐",3,"陳","長桐"
"621","N01490","李瑞軒","郭海峯",3,"郭","海峯"
"622","N01490","李瑞軒","王志均",3,"王","志均"
"623","N02561","孫廷中","唐仰虞",3,"唐","仰虞"
"624","N02561","孫廷中","胡祎同",3,"胡","祎同"
"625","N02561","孫廷中","湯子珍",3,"湯","子珍"
"626","N01463","孔慶鈐","邵傳印",3,"邵","傳印"
"627","N01463","孔慶鈐","梁興義",3,"梁","興義"
"628","N01463","孔慶鈐","王明綸",3,"王","明綸"
"629","N01622","楊勝惠","羅仲和",3,"羅","仲和"
"630","N01622","楊勝惠","李夢雄",3,"李","夢雄"
"631","N01622","楊勝惠","賀知禮",3,"賀","知禮"
"632","N00351","沈惟泰","李迪俊",3,"李","迪俊"
"633","N01664","戴中？","陳亞倫",3,"陳","亞倫"
"634","N01664","戴中？","王大珩",3,"王","大珩"
"635","N01664","戴中？","郁鐘正",3,"郁","鐘正"
"636","N01664","戴中？","曠璧城",3,"曠","璧城"
"637","N01197","楊承元","鄭沛疁",3,"鄭","沛疁"
"638","N01188","許世瑛","徐世昌",3,"徐","世昌"
"639","N01188","許世瑛","范鐘銎",3,"范","鐘銎"
"640","N01188","許世瑛","沈善焜",3,"沈","善焜"
"641","N01294","汪鴻","金國治",3,"金","國治"
"642","N01294","汪鴻","劉雋快",3,"劉","雋快"
"643","N01294","汪鴻","謝錫爵",3,"謝","錫爵"
"644","N01294","汪鴻","張人俊",3,"張","人俊"
"645","N01150","高梓","范鐘銎",3,"范","鐘銎"
"646","N01150","高梓","許世瑛",3,"許","世瑛"
"647","N01150","高梓","張宗燧",3,"張","宗燧"
"648","N01623","楊龍生","王大珩",3,"王","大珩"
"649","N01623","楊龍生","楊鎮邦",3,"楊","鎮邦"
"650","N01623","楊龍生","程純樞",3,"程","純樞"
"651","N01205","熊汝達","錢伯莘",3,"錢","伯莘"
"652","N01205","熊汝達","左登金",3,"左","登金"
"653","N01205","熊汝達","楊曾兿",3,"楊","曾兿"
"654","N01521","邵傳印","王明倫",3,"王","明倫"
"655","N01521","邵傳印","張以誠",3,"張","以誠"
"656","N00263","徐敦璋","王國忠",3,"王","國忠"
"657","N00263","徐敦璋","林同濟",3,"林","同濟"
"658","N00263","徐敦璋","張忠？",3,"張","忠？"
"659","N01319","孫以瑋","熊大縝",3,"熊","大縝"
"660","N01319","孫以瑋","周覃祓",3,"周","覃祓"
"661","N00927","石裕華","黃春雲",3,"黃","春雲"
"662","N00927","石裕華","韓愼恭",3,"韓","愼恭"
"663","N00927","石裕華","曹興祖",3,"曹","興祖"
"664","N01363","楊協芳","何思恭",3,"何","思恭"
"665","N01363","楊協芳","熊秉信",3,"熊","秉信"
"666","N01363","楊協芳","楊績昭",3,"楊","績昭"
"667","N01594","郭登皞","曹保頤",3,"曹","保頤"
"668","N01594","郭登皞","周世逑",3,"周","世逑"
"669","N01558","張以讚","彭永馨",3,"彭","永馨"
"670","N01558","張以讚","權國慶",3,"權","國慶"
"671","N01558","張以讚","池際英",3,"池","際英"
"672","N01558","張以讚","嚴中平",3,"嚴","中平"
"673","N01198","楊懋科","紀文勳",3,"紀","文勳"
"674","N01198","楊懋科","傅永漢",3,"傅","永漢"
"675","N01198","楊懋科","晏成後",3,"晏","成後"
"676","N00185","段續川","張洪沅",3,"張","洪沅"
"677","N00185","段續川","區嘉煒",3,"區","嘉煒"
"678","N00272","張銳","羅隆基",3,"羅","隆基"
"679","N00272","張銳","梅汝璈",3,"梅","汝璈"
"680","N00272","張銳","錢瑞升",3,"錢","瑞升"
"681","N00272","張銳","段茂瀾",3,"段","茂瀾"
"682","N00272","張銳","黃鈺生",3,"黃","鈺生"
"683","N00037","梁思成","林徽因",3,"林","徽因"
"684","N00037","梁思成","金岳霖",3,"金","岳霖"
"685","N00037","梁思成","錢瑞升",3,"錢","瑞升"
"686","N01931","林徽因","梁思成",3,"梁","思成"
"687","N01931","林徽因","金岳霖",3,"金","岳霖"
"688","N01931","林徽因","錢瑞升",3,"錢","瑞升"
"689","N01586","黃治新","扶學錬",3,"扶","學錬"
"690","N01586","黃治新","徐步墀",3,"徐","步墀"
"691","N01590","曹保頤","王彥美",3,"王","彥美"
"692","N01590","曹保頤","劉雋快",3,"劉","雋快"
"693","N01612","富寶昌","梁伯龍",3,"梁","伯龍"
"694","N01612","富寶昌","池世英",3,"池","世英"
"695","N01612","富寶昌","紀富陞",3,"紀","富陞"
"696","N00689","王義儒","楊鳳歧",3,"楊","鳳歧"
"697","N00689","王義儒","邵仲和",3,"邵","仲和"
"698","N00689","王義儒","顧漢三",3,"顧","漢三"
"699","N01184","陸以循","萬家實",3,"萬","家實"
"700","N01646","鄭克廣","楊天祥",3,"楊","天祥"
"701","N01646","鄭克廣","陳新民",3,"陳","新民"
"702","N01646","鄭克廣","李登梅",3,"李","登梅"
"703","N00668","喬友忠","崔自新",3,"崔","自新"
"704","N00668","喬友忠","謝子敦",3,"謝","子敦"
"705","N00668","喬友忠","金大本",3,"金","大本"
"706","N01531","侯國璠","袁家麟",3,"袁","家麟"
"707","N02310","王馨逸","閔啟傑",3,"閔","啟傑"
"708","N02310","王馨逸","袁伯濤",3,"袁","伯濤"
"709","N01219","閻崇璩","李嘉言",3,"李","嘉言"
"710","N01219","閻崇璩","鄭安崙",3,"鄭","安崙"
"711","N01219","閻崇璩","陳芳蘭",3,"陳","芳蘭"
"712","N01206","劉玉芝","尤漱芬",3,"尤","漱芬"
"713","N01206","劉玉芝","林元枝",3,"林","元枝"
"714","N01206","劉玉芝","汪學熙",3,"汪","學熙"
"715","N00976","凌世儉","卓牟來",3,"卓","牟來"
"716","N00948","吳季班","何汝楫",3,"何","汝楫"
"717","N00774","鄺體乾","袁伯燾",3,"袁","伯燾"
"718","N00995","張緒宏","劉信芳",3,"劉","信芳"
"719","N00995","張緒宏","馬季廉",3,"馬","季廉"
"720","N01214","鄭丕留","楊承元",3,"楊","承元"
"721","N01214","鄭丕留","丁致中",3,"丁","致中"
"722","N01214","鄭丕留","張民覺",3,"張","民覺"
"723","N01485","李振麟","常鳳瑑",3,"常","鳳瑑"
"724","N01485","李振麟","丁乃通",3,"丁","乃通"
"725","N01485","李振麟","鄭朝宗",3,"鄭","朝宗"
"726","N00270","張泳","華國箴",3,"華","國箴"
"727","N00270","張泳","郭慶棻",3,"郭","慶棻"
"728","N00270","張泳","馮燦周",3,"馮","燦周"
"729","N01148","俞國華","李慶遠",3,"李","慶遠"
"730","N01148","俞國華","樓邦彥",3,"樓","邦彥"
"731","N01148","俞國華","稽訓煌",3,"稽","訓煌"
"732","N00956","周孝若","高德超",3,"高","德超"
"733","N00956","周孝若","呂明義",3,"呂","明義"
"734","N00956","周孝若","劉振華",3,"劉","振華"
"735","N02225","滕圭","曹壽昌",3,"曹","壽昌"
"736","N02225","滕圭","錢鐘書",3,"錢","鐘書"
"737","N00811","吳侃","顧家銓",3,"顧","家銓"
"738","N00518","羅懋德","孫大雨",3,"孫","大雨"
"739","N00518","羅懋德","曹葆華",3,"曹","葆華"
"740","N00518","羅懋德","彭光欽",3,"彭","光欽"
"741","N01660","樊孝誠","薛兆棠",3,"薛","兆棠"
"742","N01660","樊孝誠","謝錫爵",3,"謝","錫爵"
"743","N00196","張任","施嘉場",3,"施","嘉場"
"744","N01545","高鶴","李召南",3,"李","召南"
"745","N01545","高鶴","劉冠勳",3,"劉","冠勳"
"746","N01545","高鶴","陳鴻達",3,"陳","鴻達"
"747","N00697","米景沅","陳漢標",3,"陳","漢標"
"748","N00697","米景沅","陳永齡",3,"陳","永齡"
"749","N00697","米景沅","張駿祥",3,"張","駿祥"
"750","N00427","米景賢","陸志韋",3,"陸","志韋"
"751","N00427","米景賢","張昌穎",3,"張","昌穎"
"752","N00427","米景賢","王仕倬",3,"王","仕倬"
"753","N00427","米景賢","王季高",3,"王","季高"
"754","N01100","丁致中","周攢武",3,"周","攢武"
"755","N01100","丁致中","馬聲雲",3,"馬","聲雲"
"756","N01100","丁致中","鄭沛疁",3,"鄭","沛疁"
"757","N00692","史鏡涵","楊鳳歧",3,"楊","鳳歧"
"758","N00692","史鏡涵","鄒文海",3,"鄒","文海"
"759","N00692","史鏡涵","蘇汝江",3,"蘇","汝江"
"760","N01608","寧榥","方俊銎",3,"方","俊銎"
"761","N01608","寧榥","項毓元",3,"項","毓元"
"762","N01608","寧榥","呂鳳章",3,"呂","鳳章"
"763","N01608","寧榥","李登梅",3,"李","登梅"
"764","N01608","寧榥","杜宗正",3,"杜","宗正"
"765","N00501","張昌穎","孫承諤",3,"孫","承諤"
"766","N00501","張昌穎","林伯遵",3,"林","伯遵"
"767","N00025","周思信","黃桂芳",3,"黃","桂芳"
"768","N00543","宋益清","杜俊東",3,"杜","俊東"
"769","N00543","宋益清","羅北辰",3,"羅","北辰"
"770","N00543","宋益清","傅任敢",3,"傅","任敢"
"771","N01948","季惕凡","楊光生",3,"楊","光生"
"772","N01948","季惕凡","李廸俊",3,"李","廸俊"
"773","N01948","季惕凡","劉師舜",3,"劉","師舜"
"774","N00132","黃自","應尚能",3,"應","尚能"
"775","N00132","黃自","黃敬武",3,"黃","敬武"
"776","N00132","黃自","沈鴻來",3,"沈","鴻來"
"777","N00132","黃自","黃競武",3,"黃","競武"
"778","N00476","陳守實","趙邦彥",3,"趙","邦彥"
"779","N00476","陳守實","黃淬伯",3,"黃","淬伯"
"780","N00476","陳守實","謝國楨",3,"謝","國楨"
"781","N00328","楊筠如","徐中舒",3,"徐","中舒"
"782","N00328","楊筠如","高晉生",3,"高","晉生"
"783","N00423","王季高","李忍濤",3,"李","忍濤"
"784","N00423","王季高","張匯文",3,"張","匯文"
"785","N00423","王季高","皮名舉",3,"皮","名舉"
"786","N00423","王季高","李惟果",3,"李","惟果"
"787","N00423","王季高","羅正晫",3,"羅","正晫"
"788","N00951","汪殿華","陳光旭",3,"陳","光旭"
"789","N01235","張青蓮","汪殿華",3,"汪","殿華"
"790","N01235","張青蓮","馬祖聖",3,"馬","祖聖"
"791","N01235","張青蓮","張為申",3,"張","為申"
"792","N01226","顏承周","李靖軒",3,"李","靖軒"
"793","N01226","顏承周","華樹棠",3,"華","樹棠"
"794","N01226","顏承周","郭海峯",3,"郭","海峯"
"795","N00876","劉炳榮","陽明炤",3,"陽","明炤"
"796","N00876","劉炳榮","楊永宜",3,"楊","永宜"
"797","N00876","劉炳榮","潘載生",3,"潘","載生"
"798","N00876","劉炳榮","賴彥于",3,"賴","彥于"
"799","N01261","王栻","施其南",3,"施","其南"
"800","N01261","王栻","顧憲良",3,"顧","憲良"
"801","N01261","王栻","徐賢修",3,"徐","賢修"
"802","N01262","王祥第","徐賢修",3,"徐","賢修"
"803","N01262","王祥第","蔡孔？",3,"蔡","孔？"
"804","N01963","徐聲金","陳德恆",3,"陳","德恆"
"805","N01963","徐聲金","張希陸",3,"張","希陸"
"806","N01963","徐聲金","李相勗",3,"李","相勗"
"807","N01907","周辦明","陳德恆",3,"陳","德恆"
"808","N01907","周辦明","李相勗",3,"李","相勗"
"809","N01907","周辦明","吳士棟",3,"吳","士棟"
"810","N00136","黃翼","沈有乾",3,"沈","有乾"
"811","N00136","黃翼","鄭宗海",3,"鄭","宗海"
"812","N00136","黃翼","周培源",3,"周","培源"
"813","N00890","譚葆泰","李肇祥",3,"李","肇祥"
"814","N00890","譚葆泰","羅慶隆",3,"羅","慶隆"
"815","N02019","張範村","戴芳瀾",3,"戴","芳瀾"
"816","N02019","張範村","黃巽生",3,"黃","巽生"
"817","N02019","張範村","蹇先達",3,"蹇","先達"
"818","N00644","梁方仲","林文奎",3,"林","文奎"
"819","N00644","梁方仲","黃仕林",3,"黃","仕林"
"820","N00644","梁方仲","陳仲秀",3,"陳","仲秀"
"821","N01072","梁方仲","林文奎",3,"林","文奎"
"822","N01072","梁方仲","黃仕林",3,"黃","仕林"
"823","N01072","梁方仲","陳仲秀",3,"陳","仲秀"
"824","N00135","黃培坤","羅清生",3,"羅","清生"
"825","N00135","黃培坤","霍啟芳",3,"霍","啟芳"
"826","N00135","黃培坤","黃元照",3,"黃","元照"
"827","N00135","黃培坤","黃蔭普",3,"黃","蔭普"
"828","N02209","鄧鴻儀","區其偉",3,"區","其偉"
"829","N02209","鄧鴻儀","胡繼賢",3,"胡","繼賢"
"830","N00891","譚葆憲","黃士林",3,"黃","士林"
"831","N00891","譚葆憲","劉錫璋",3,"劉","錫璋"
"832","N00891","譚葆憲","沈崇誨",3,"沈","崇誨"
"833","N00891","譚葆憲","崔龍光",3,"崔","龍光"
"834","N00891","譚葆憲","梁嘉彬",3,"梁","嘉彬"
"835","N00131","黃元照","黃蔭普",3,"黃","蔭普"
"836","N00131","黃元照","李樹翹",3,"李","樹翹"
"837","N01446","王明綸","朱德鈞",3,"朱","德鈞"
"838","N01446","王明綸","岳炳照",3,"岳","炳照"
"839","N01446","王明綸","梁興義",3,"梁","興義"
"840","N01446","王明綸","刁鴻翔",3,"刁","鴻翔"
"841","N01603","彭永馨","紀富陞",3,"紀","富陞"
"842","N01603","彭永馨","富寶昌",3,"富","寶昌"
"843","N02719","常得仁","劉弗祺",3,"劉","弗祺"
"844","N00200","曹壽昌","王國華",3,"王","國華"
"845","N00707","宋迪夏","侯厚吉",3,"侯","厚吉"
"846","N00707","宋迪夏","賴世珍",3,"賴","世珍"
"847","N00707","宋迪夏","潭國棟",3,"潭","國棟"
"848","N00707","宋迪夏","侯厚吉",3,"侯","厚吉"
"849","N00707","宋迪夏","賴世珍",3,"賴","世珍"
"850","N00707","宋迪夏","潭國棟",3,"潭","國棟"
"851","N00183","邱叔航","劉沛璋",3,"劉","沛璋"
"852","N00183","邱叔航","邱仲廣",3,"邱","仲廣"
"853","N00183","邱叔航","熊祖同",3,"熊","祖同"
"854","N00030","邱仲廣","劉佩璋",3,"劉","佩璋"
"855","N00030","邱仲廣","應尚能",3,"應","尚能"
"856","N00030","邱仲廣","張治中",3,"張","治中"
"857","N01523","洪為溥","張景觀",3,"張","景觀"
"858","N01523","洪為溥","盧銘溥",3,"盧","銘溥"
"859","N01523","洪為溥","鄭安命",3,"鄭","安命"
"860","N01523","洪為溥","陳呂年",3,"陳","呂年"
"861","N00706","余冠英","沈汝直",3,"沈","汝直"
"862","N00706","余冠英","郭宣霖",3,"郭","宣霖"
"863","N00706","余冠英","朱寶鎮",3,"朱","寶鎮"
"864","N00706","余冠英","吳祖光",3,"吳","祖光"
"865","N01528","胡家駒","林元枝",3,"林","元枝"
"866","N01528","胡家駒","唐寶鑫",3,"唐","寶鑫"
"867","N01528","胡家駒","李朝光",3,"李","朝光"
"868","N01528","胡家駒","袁家麟",3,"袁","家麟"
"869","N01172","張效良","吳祖襄",3,"吳","祖襄"
"870","N01172","張效良","張馥荍",3,"張","馥荍"
"871","N01172","張效良","馬玉銘",3,"馬","玉銘"
"872","N01172","張效良","黃淬伯",3,"黃","淬伯"
"873","N01290","吳乾就","王馨廸",3,"王","馨廸"
"874","N01290","吳乾就","李鼎芳",3,"李","鼎芳"
"875","N01290","吳乾就","孫晉三",3,"孫","晉三"
"876","N01290","吳乾就","章克摻",3,"章","克摻"
"877","N00822","林文奎","杜文若",3,"杜","文若"
"878","N00822","林文奎","梁方仲",3,"梁","方仲"
"879","N00822","林文奎","謝子敦",3,"謝","子敦"
"880","N00822","林文奎","黃仕林",3,"黃","仕林"
"881","N01657","盧銘溥","張景觀",3,"張","景觀"
"882","N01657","盧銘溥","李作猷",3,"李","作猷"
"883","N01657","盧銘溥","胡家駒",3,"胡","家駒"
"884","N01657","盧銘溥","嚴中平",3,"嚴","中平"
"885","N01657","盧銘溥","洪為溥",3,"洪","為溥"
"886","N01657","盧銘溥","劉秉仁",3,"劉","秉仁"
"887","N00413","江澤涵","曾遠榮",3,"曾","遠榮"
"888","N00413","江澤涵","趙忠堯",3,"趙","忠堯"
"889","N00413","江澤涵","姜立夫",3,"姜","立夫"
"890","N01277","李忠霖","殷炎麟",3,"殷","炎麟"
"891","N00911","王傳元","談爾益",3,"談","爾益"
"892","N00911","王傳元","潘德安",3,"潘","德安"
"893","N00911","王傳元","利家和",3,"利","家和"
"894","N01116","何思恭","趙康節",3,"趙","康節"
"895","N01116","何思恭","吳至信",3,"吳","至信"
"896","N01116","何思恭","寧有瀾",3,"寧","有瀾"
"897","N01228","聶瑛","邵仲和",3,"邵","仲和"
"898","N01228","聶瑛","鐘秉智",3,"鐘","秉智"
"899","N01228","聶瑛","薛培真",3,"薛","培真"
"900","N01228","聶瑛","陳鴻達",3,"陳","鴻達"
"901","N01228","聶瑛","趙文凌",3,"趙","文凌"
"902","N00710","邸維周","楊鳳歧",3,"楊","鳳歧"
"903","N00710","邸維周","吳益齊",3,"吳","益齊"
"904","N00710","邸維周","楊紫珊",3,"楊","紫珊"
"905","N01350","曹日昌","李樹青",3,"李","樹青"
"906","N01350","曹日昌","周覃祓",3,"周","覃祓"
"907","N01350","曹日昌","張民覺",3,"張","民覺"
"908","N00711","姚宗銘","王家棟",3,"王","家棟"
"909","N00711","姚宗銘","黃恭仰",3,"黃","恭仰"
"910","N00711","姚宗銘","趙永餘",3,"趙","永餘"
"911","N00711","姚宗銘","金郁彮",3,"金","郁彮"
"912","N00711","姚宗銘","許家駿",3,"許","家駿"
"913","N00711","姚宗銘","劉德鈞",3,"劉","德鈞"
"914","N00525","方恩綬","蔡競平",3,"蔡","競平"
"915","N00434","吳潤","陳卓人",3,"陳","卓人"
"916","N00434","吳潤","王國龍",3,"王","國龍"
"917","N00338","王炳南","時昭涵",3,"時","昭涵"
"918","N00338","王炳南","夏彥儒",3,"夏","彥儒"
"919","N00338","王炳南","關錫麟",3,"關","錫麟"
"920","N00338","王炳南","宗植心",3,"宗","植心"
"921","N01280","李純健","陳新民",3,"陳","新民"
"922","N01280","李純健","羅慶隆",3,"羅","慶隆"
"923","N01115","伍正誠","周源楨",3,"周","源楨"
"924","N01115","伍正誠","呂鳳章",3,"呂","鳳章"
"925","N01115","伍正誠","沈乃芹",3,"沈","乃芹"
"926","N01515","金啟疇","夏震寰",3,"夏","震寰"
"927","N01515","金啟疇","周太開",3,"周","太開"
"928","N01515","金啟疇","張運榮",3,"張","運榮"
"929","N01112","朱紀生","汪企祖",3,"汪","企祖"
"930","N01112","朱紀生","錢伯莘",3,"錢","伯莘"
"931","N01133","吳晗","梁方仲",3,"梁","方仲"
"932","N01133","吳晗","谷霽光",3,"谷","霽光"
"933","N01133","吳晗","湯象龍",3,"湯","象龍"
"934","N01133","吳晗","朱慶永",3,"朱","慶永"
"935","N01569","張鼎華","濮思本",3,"濮","思本"
"936","N01569","張鼎華","劉雋快",3,"劉","雋快"
"937","N01569","張鼎華","吳尊爵",3,"吳","尊爵"
"938","N00271","張保恆","吳魯強",3,"吳","魯強"
"939","N00271","張保恆","黃蔭普",3,"黃","蔭普"
"940","N00271","張保恆","黃元照",3,"黃","元照"
"941","N01567","張景觀","盧銘溥",3,"盧","銘溥"
"942","N01567","張景觀","劉秉仁",3,"劉","秉仁"
"943","N01567","張景觀","鴻為溥",3,"鴻","為溥"
"944","N01567","張景觀","嚴中平",3,"嚴","中平"
"945","N01567","張景觀","胡家駒",3,"胡","家駒"
"946","N01574","陳孔步","張景觀",3,"張","景觀"
"947","N01574","陳孔步","丁宣堉",3,"丁","宣堉"
"948","N01574","陳孔步","詹文讚",3,"詹","文讚"
"949","N01574","陳孔步","劉雋快",3,"劉","雋快"
"950","N00433","吳柳生","趙訪熊",3,"趙","訪熊"
"951","N00433","吳柳生","陳麟瑞",3,"陳","麟瑞"
"952","N01651","黎列明","劉玉衡",3,"劉","玉衡"
"953","N01651","黎列明","張以誠",3,"張","以誠"
"954","N01651","黎列明","雷海宗",3,"雷","海宗"
"955","N00922","尹政","劉炳榮",3,"劉","炳榮"
"956","N00922","尹政","陽明炤",3,"陽","明炤"
"957","N00922","尹政","楊永宜",3,"楊","永宜"
"958","N01190","許亞芬","石裕華",3,"石","裕華"
"959","N01190","許亞芬","郭秀瑩",3,"郭","秀瑩"
"960","N01190","許亞芬","賴天縵",3,"賴","天縵"
"961","N01190","許亞芬","韓愼恭",3,"韓","愼恭"
"962","N00626","吳宣易","姚微元",3,"姚","微元"
"963","N00626","吳宣易","顧雨饋",3,"顧","雨饋"
"964","N01187","郭吾真","許亞芬",3,"許","亞芬"
"965","N00273","張邇驊","王冠英",3,"王","冠英"
"966","N00273","張邇驊","張慶興",3,"張","慶興"
"967","N01257","于慶","趙銳成",3,"趙","銳成"
"968","N01257","于慶","陳祖東",3,"陳","祖東"
"969","N01257","于慶","陳汝治",3,"陳","汝治"
"970","N01676","？少文","楊文魯",3,"楊","文魯"
"971","N01131","吳至信","蘇汝江",3,"蘇","汝江"
"972","N01131","吳至信","何思恭",3,"何","思恭"
"973","N01653","蔡淳","趙錫麟",3,"趙","錫麟"
"974","N01653","蔡淳","胡家駒",3,"胡","家駒"
"975","N01653","蔡淳","蔡可達",3,"蔡","可達"
"976","N00440","祁開智","張鈺哲",3,"張","鈺哲"
"977","N00440","祁開智","曾達榮",3,"曾","達榮"
"978","N00377","劉行駿","宗次陶",3,"宗","次陶"
"979","N00377","劉行駿","酆裕坤",3,"酆","裕坤"
"980","N00326","馮德清","方莊猷",3,"方","莊猷"
"981","N01212","劉德誠","孫德和",3,"孫","德和"
"982","N01212","劉德誠","謝家澤",3,"謝","家澤"
"983","N01212","劉德誠","劉丙盧",3,"劉","丙盧"
"984","N00212","聞亦齊","聞亦傳",3,"聞","亦傳"
"985","N00212","聞亦齊","聞一多",3,"聞","一多"
"986","N00212","聞亦齊","張喬嗇",3,"張","喬嗇"
"987","N00212","聞亦齊","湯佩松",3,"湯","佩松"
"988","N01330","張明哲","汪德熙",3,"汪","德熙"
"989","N01330","張明哲","陳新民",3,"陳","新民"
"990","N01330","張明哲","羅建本",3,"羅","建本"
"991","N01696","張明哲","汪德熙",3,"汪","德熙"
"992","N01696","張明哲","陳新民",3,"陳","新民"
"993","N01696","張明哲","羅建本",3,"羅","建本"
"994","N00512","熊學謙","劉孝懃",3,"劉","孝懃"
"995","N00512","熊學謙","陳欽仁",3,"陳","欽仁"
"996","N00512","熊學謙","湯佩松",3,"湯","佩松"
"997","N01126","李嘉言","王香毓",3,"王","香毓"
"998","N01126","李嘉言","陳鴻遠",3,"陳","鴻遠"
"999","N01126","李嘉言","孫道昇",3,"孫","道昇"
"1000","N01126","李嘉言","閻振典",3,"閻","振典"
"1001","N01597","許馨","蔡孔耀",3,"蔡","孔耀"
"1002","N01597","許馨","劉呂鏐",3,"劉","呂鏐"
"1003","N00770","霍世修","徐文祥",3,"徐","文祥"
"1004","N00770","霍世修","余冠英",3,"余","冠英"
"1005","N00770","霍世修","赫貴忱",3,"赫","貴忱"
"1006","N00770","霍世修","王鴻達",3,"王","鴻達"
"1007","N00770","霍世修","陳漢標",3,"陳","漢標"
"1008","N00770","霍世修","米景沅",3,"米","景沅"
"1009","N01405","霍世修","徐文祥",3,"徐","文祥"
"1010","N01405","霍世修","余冠英",3,"余","冠英"
"1011","N01405","霍世修","赫貴忱",3,"赫","貴忱"
"1012","N01405","霍世修","王鴻達",3,"王","鴻達"
"1013","N01405","霍世修","陳漢標",3,"陳","漢標"
"1014","N01405","霍世修","米景沅",3,"米","景沅"
"1015","N01639","劉昌鏐","蔡孔耀",3,"蔡","孔耀"
"1016","N01639","劉昌鏐","吳景榮",3,"吳","景榮"
"1017","N01639","劉昌鏐","徐賢修",3,"徐","賢修"
"1018","N01639","劉昌鏐","陳冠榮",3,"陳","冠榮"
"1019","N01335","張壽蔭","閻之翰",3,"閻","之翰"
"1020","N01335","張壽蔭","張桂山",3,"張","桂山"
"1021","N01335","張壽蔭","梁世中",3,"梁","世中"
"1022","N01335","張壽蔭","宋長？",3,"宋","長？"
"1023","N01335","張壽蔭","王鴻達",3,"王","鴻達"
"1024","N01154","馬聳雲","丁致中",3,"丁","致中"
"1025","N01154","馬聳雲","鄭曾期",3,"鄭","曾期"
"1026","N01472","池世英","黃子卿",3,"黃","子卿"
"1027","N01472","池世英","張天開",3,"張","天開"
"1028","N01472","池世英","富寶昌",3,"富","寶昌"
"1029","N00749","曾迪先","陳仲秀",3,"陳","仲秀"
"1030","N00749","曾迪先","李植泉",3,"李","植泉"
"1031","N00749","曾迪先","趙永餘",3,"趙","永餘"
"1032","N00749","曾迪先","李大璋",3,"李","大璋"
"1033","N00749","曾迪先","陳漢標",3,"陳","漢標"
"1034","N01020","彭俊材","胡愚一",3,"胡","愚一"
"1035","N01020","彭俊材","尚傳道",3,"尚","傳道"
"1036","N01020","彭俊材","劉心烈",3,"劉","心烈"
"1037","N01020","彭俊材","陳彪如",3,"陳","彪如"
"1038","N01692","馬大猷","任澤雨",3,"任","澤雨"
"1039","N01387","閻振興","聞性善",3,"聞","性善"
"1040","N01387","閻振興","張人俊",3,"張","人俊"
"1041","N01302","宓祥楙","劉雋快",3,"劉","雋快"
"1042","N01302","宓祥楙","祝新民",3,"祝","新民"
"1043","N01302","宓祥楙","陳祖東",3,"陳","祖東"
"1044","N01302","宓祥楙","吳尊爵",3,"吳","尊爵"
"1045","N01302","宓祥楙","周源楨",3,"周","源楨"
"1046","N01522","段學復","徐賢修",3,"徐","賢修"
"1047","N01522","段學復","徐步墀",3,"徐","步墀"
"1048","N01522","段學復","李希顏",3,"李","希顏"
"1049","N01392","魏繼武","劉心顯",3,"劉","心顯"
"1050","N01392","魏繼武","徐雄飛",3,"徐","雄飛"
"1051","N01392","魏繼武","尚傳道",3,"尚","傳道"
"1052","N01483","李炳之","李相宏",3,"李","相宏"
"1053","N01483","李炳之","劉冠勳",3,"劉","冠勳"
"1054","N00840","張鎮寰","張馥荍",3,"張","馥荍"
"1055","N00840","張鎮寰","薛崇達",3,"薛","崇達"
"1056","N00840","張鎮寰","常鳳瑑",3,"常","鳳瑑"
"1057","N00283","郭慶棻","張遹駿",3,"張","遹駿"
"1058","N00283","郭慶棻","馮燦周",3,"馮","燦周"
"1059","N00283","郭慶棻","史？慶",3,"史","？慶"
"1060","N00184","姚楷","潘如澍",3,"潘","如澍"
"1061","N00184","姚楷","錢昌祚",3,"錢","昌祚"
"1062","N00184","姚楷","鄒堯方",3,"鄒","堯方"
"1063","N00184","姚楷","賈幼慧",3,"賈","幼慧"
"1064","N01113","朱顯莊","張民覺",3,"張","民覺"
"1065","N01113","朱顯莊","劉海宴",3,"劉","海宴"
"1066","N01113","朱顯莊","董文立",3,"董","文立"
"1067","N02326","皮叔穎","曾憲英",3,"曾","憲英"
"1068","N00618","王元照","吳志翔",3,"吳","志翔"
"1069","N00618","王元照","陳仲秀",3,"陳","仲秀"
"1070","N01362","賀更蘇","鄭殿祥",3,"鄭","殿祥"
"1071","N01362","賀更蘇","赫崇本",3,"赫","崇本"
"1072","N01362","賀更蘇","周葆珍",3,"周","葆珍"
"1073","N00624","吳友三","李家光",3,"李","家光"
"1074","N00624","吳友三","吳志翔黃玉佳",6,"吳","玉佳"
"1075","N00832","徐乾一","陳志安",3,"陳","志安"
"1076","N00832","徐乾一","張大倫",3,"張","大倫"
"1077","N01576","陳昌年","張學曾",3,"張","學曾"
"1078","N00378","劉樹鈞","杜文若",3,"杜","文若"
"1079","N00378","劉樹鈞","許振英",3,"許","振英"
"1080","N00378","劉樹鈞","蔡名芳",3,"蔡","名芳"
"1081","N00378","劉樹鈞","許振德",3,"許","振德"
"1082","N01609","馮鏡","李炳之",3,"李","炳之"
"1083","N01609","馮鏡","劉冠勛",3,"劉","冠勛"
"1084","N01678","龔國粹","李琇琳",3,"李","琇琳"
"1085","N01678","龔國粹","葛連祥",3,"葛","連祥"
"1086","N01678","龔國粹","紀富陞",3,"紀","富陞"
"1087","N01678","龔國粹","傅裕文",3,"傅","裕文"
"1088","N00949","吳祖襄","余冠英",3,"余","冠英"
"1089","N00949","吳祖襄","吳牛農",3,"吳","牛農"
"1090","N00949","吳祖襄","賴天縵",3,"賴","天縵"
"1091","N00949","吳祖襄","李辰之",3,"李","辰之"
"1092","N00013","李鍾美","徐仁傑",3,"徐","仁傑"
"1093","N00013","李鍾美","湯家寳",3,"湯","家寳"
"1094","N00013","李鍾美","胡禮同",3,"胡","禮同"
"1095","N00013","李鍾美","王冠英",3,"王","冠英"
"1096","N00013","李鍾美","李相宏",3,"李","相宏"
"1097","N00013","李鍾美","張廣與",3,"張","廣與"
"1098","N01598","崔興亞","熊大縝",3,"熊","大縝"
"1099","N01598","崔興亞","黃京羣",3,"黃","京羣"
"1100","N00353","杜文若","林文奎",3,"林","文奎"
"1101","N00353","杜文若","劉樹鈞",3,"劉","樹鈞"
"1102","N00353","杜文若","李忍濤",3,"李","忍濤"
"1103","N01640","劉達夫","曲郇民",3,"曲","郇民"
"1104","N01640","劉達夫","谷霽光",3,"谷","霽光"
"1105","N01527","胡世樂","鄒承曾",3,"鄒","承曾"
"1106","N00955","谷霽光","鄭裕崢",3,"鄭","裕崢"
"1107","N00955","谷霽光","尹國塏",3,"尹","國塏"
"1108","N00955","谷霽光","朱慶永",3,"朱","慶永"
"1109","N00955","谷霽光","王維顯",3,"王","維顯"
"1110","N00955","谷霽光","鐘秉智",3,"鐘","秉智"
"1111","N01305","易仁荄","李洪謨",3,"李","洪謨"
"1112","N01305","易仁荄","郭清？",3,"郭","清？"
"1113","N01506","扶學錬","曲郇民",3,"曲","郇民"
"1114","N00585","葛春林","高警寒",3,"高","警寒"
"1115","N00585","葛春林","薛慕回",3,"薛","慕回"
"1116","N00585","葛春林","夏堅白",3,"夏","堅白"
"1117","N01017","湯瑞鈞","王淦昌",3,"王","淦昌"
"1118","N01315","徐賢修","劉昌鏐",3,"劉","昌鏐"
"1119","N01315","徐賢修","王祥第",3,"王","祥第"
"1120","N01315","徐賢修","吳景榮",3,"吳","景榮"
"1121","N00481","劉節","劉盼遂",3,"劉","盼遂"
"1122","N00481","劉節","陳寅恪",3,"陳","寅恪"
"1123","N00481","劉節","浦江清",3,"浦","江清"
"1124","N00481","劉節","謝國楨",3,"謝","國楨"
"1125","N00111","胡竟銘","吳啟佑",3,"吳","啟佑"
"1126","N00111","胡竟銘","羅家選",3,"羅","家選"
"1127","N01668","韓維邦","余即節",3,"余","即節"
"1128","N01668","韓維邦","陸貫一",3,"陸","貫一"
"1129","N01668","韓維邦","彭民一",3,"彭","民一"
"1130","N01668","韓維邦","項毓元",3,"項","毓元"
"1131","N01668","韓維邦","蔡孔耀",3,"蔡","孔耀"
"1132","N01630","鄒承曾","金啟疇",3,"金","啟疇"
"1133","N01630","鄒承曾","王忠漢",3,"王","忠漢"
"1134","N01630","鄒承曾","田保生",3,"田","保生"
"1135","N02500","胡輝鄂","熊祖同",3,"熊","祖同"
"1136","N02500","胡輝鄂","劉紹禹",3,"劉","紹禹"
"1137","N02500","胡輝鄂","邱仲廣",3,"邱","仲廣"
"1138","N01448","王修琛","江紹徽",3,"江","紹徽"
"1139","N01448","王修琛","張光世",3,"張","光世"
"1140","N01449","王修瑜","陳明紹",3,"陳","明紹"
"1141","N01449","王修瑜","黃治新",3,"黃","治新"
"1142","N01449","王修瑜","張文煦",3,"張","文煦"
"1143","N01449","王修瑜","趙銳成",3,"趙","銳成"
"1144","N01449","王修瑜","邵育芳",3,"邵","育芳"
"1145","N01449","王修瑜","鮑熙年",3,"鮑","熙年"
"1146","N00795","朱宗英","田保牛",3,"田","保牛"
"1147","N00795","朱宗英","高士銘",3,"高","士銘"
"1148","N00795","朱宗英","余冠英",3,"余","冠英"
"1149","N01675","嚴中平","金國治",3,"金","國治"
"1150","N01675","嚴中平","劉秉仁",3,"劉","秉仁"
"1151","N01675","嚴中平","橋冠華",3,"橋","冠華"
"1152","N01675","嚴中平","侯國藩",3,"侯","國藩"
"1153","N00944","李殿桐","張仲魯",3,"張","仲魯"
"1154","N00944","李殿桐","李國幹",3,"李","國幹"
"1155","N00944","李殿桐","王式周",3,"王","式周"
"1156","N00944","李殿桐","李召南",3,"李","召南"
"1157","N00591","劉信芳","謝兆芬",3,"謝","兆芬"
"1158","N00591","劉信芳","傅任敢",3,"傅","任敢"
"1159","N00591","劉信芳","吳達元",3,"吳","達元"
"1160","N00591","劉信芳","張大煜",3,"張","大煜"
"1161","N00591","劉信芳","梁方仲",3,"梁","方仲"
"1162","N00591","劉信芳","張大東",3,"張","大東"
"1163","N00591","劉信芳","戴克光",3,"戴","克光"
"1164","N00591","劉信芳","袁翰青",3,"袁","翰青"
"1165","N00591","劉信芳","趙康節",3,"趙","康節"
"1166","N00207","楊偉","徐仁傑",3,"徐","仁傑"
"1167","N01144","季羨林","李長植",3,"李","長植"
"1168","N01144","季羨林","許振德",3,"許","振德"
"1169","N01144","季羨林","張文華",3,"張","文華"
"1170","N00367","許振英","陸大京",3,"陸","大京"
"1171","N00367","許振英","劉樹鈞",3,"劉","樹鈞"
"1172","N01274","李一鶴","劉雋快",3,"劉","雋快"
"1173","N00152","蕭津","周賢頌",3,"周","賢頌"
"1174","N00152","蕭津","周延鼎",3,"周","延鼎"
"1175","N00152","蕭津","饒輔民",3,"饒","輔民"
"1176","N01697","張紀正","關頌韜",3,"關","頌韜"
"1177","N01697","張紀正","孟繼懋",3,"孟","繼懋"
"1178","N01050","黎尚曙","龍國鈞",3,"龍","國鈞"
"1179","N01165","張汝思","韓愼恭",3,"韓","愼恭"
"1180","N01165","張汝思","趙鳳恩",3,"趙","鳳恩"
"1181","N01165","張汝思","王鴻範",3,"王","鴻範"
"1182","N01165","張汝思","金國治",3,"金","國治"
"1183","N01165","張汝思","張昌華",3,"張","昌華"
"1184","N01165","張汝思","周太開",3,"周","太開"
"1185","N01439","么枕生","汪國瑗",3,"汪","國瑗"
"1186","N01439","么枕生","王鐘山",3,"王","鐘山"
"1187","N00160","王仕倬","陶荐楷",3,"陶","荐楷"
"1188","N00762","劉德孫","張大煜",3,"張","大煜"
"1189","N00762","劉德孫","郭濟邦",3,"郭","濟邦"
"1190","N00762","劉德孫","馬師伊",3,"馬","師伊"
"1191","N01354","許南明","錢慶燾",3,"錢","慶燾"
"1192","N00023","吳錦銓","徐仁銑",3,"徐","仁銑"
"1193","N00672","楊壽標","吳景超",3,"吳","景超"
"1194","N00672","楊壽標","張景觀",3,"張","景觀"
"1195","N01384","錢偉長","魏繼武",3,"魏","繼武"
"1196","N01384","錢偉長","張光世",3,"張","光世"
"1197","N00452","陸貫一","顧毓珍",3,"顧","毓珍"
"1198","N00452","陸貫一","張昌華",3,"張","昌華"
"1199","N00452","陸貫一","劉淦芝",3,"劉","淦芝"
"1200","N01474","曲郇民","李？鈞",3,"李","？鈞"
"1201","N01474","曲郇民","袁家麟",3,"袁","家麟"
"1202","N01152","高德超","許家俊",3,"許","家俊"
"1203","N01152","高德超","王蔚華",3,"王","蔚華"
"1204","N01152","高德超","李耀鈞",3,"李","耀鈞"
"1205","N01152","高德超","甯嘉風",3,"甯","嘉風"
"1206","N01152","高德超","吳景芳",3,"吳","景芳"
"1207","N01152","高德超","王萬福",3,"王","萬福"
"1208","N01152","高德超","赫崇本",3,"赫","崇本"
"1209","N01152","高德超","鄭殿祥",3,"鄭","殿祥"
"1210","N01152","高德超","童元校",3,"童","元校"
"1211","N01152","高德超","劉振華",3,"劉","振華"
"1212","N00943","李夢雄","王岷源",3,"王","岷源"
"1213","N00943","李夢雄","陳夢恭",3,"陳","夢恭"
"1214","N00943","李夢雄","張定杰",3,"張","定杰"
"1215","N01174","陳光泰","劉歷榮",3,"劉","歷榮"
"1216","N01174","陳光泰","崔金榮",3,"崔","金榮"
"1217","N01174","陳光泰","曹葆華",3,"曹","葆華"
"1218","N00336","丁緒淮","溫關忠",3,"溫","關忠"
"1219","N00336","丁緒淮","丁嗣賢",3,"丁","嗣賢"
"1220","N01652","蔡孔耀","劉昌麟",3,"劉","昌麟"
"1221","N01652","蔡孔耀","陳冠榮",3,"陳","冠榮"
"1222","N01004","陳紹勳","劉心顯",3,"劉","心顯"
"1223","N01004","陳紹勳","尚傅道",3,"尚","傅道"
"1224","N01004","陳紹勳","高七銘",3,"高","七銘"
"1225","N01004","陳紹勳","徐雄飛",3,"徐","雄飛"
"1226","N01004","陳紹勳","陳彪如",3,"陳","彪如"
"1227","N01004","陳紹勳","張永懋",3,"張","永懋"
"1228","N00623","沈汝直","余冠英",3,"余","冠英"
"1229","N01395","蘇景泉","張宗和",3,"張","宗和"
"1230","N01395","蘇景泉","郭清寰",3,"郭","清寰"
"1231","N01395","蘇景泉","劉光瓊",3,"劉","光瓊"
"1232","N01661","閻之翰","王鐘山",3,"王","鐘山"
"1233","N01661","閻之翰","張壽蔭",3,"張","壽蔭"
"1234","N01661","閻之翰","閻連章",3,"閻","連章"
"1235","N01661","閻之翰","楊績昭",3,"楊","績昭"
"1236","N00705","李景清","王信忠",3,"王","信忠"
"1237","N00705","李景清","王金銘",3,"王","金銘"
"1238","N00463","劉淦芝","陸貫一",3,"陸","貫一"
"1239","N00444","張敷榮","董乘隰",3,"董","乘隰"
"1240","N00444","張敷榮","楊允奎",3,"楊","允奎"
"1241","N00444","張敷榮","張昌培",3,"張","昌培"
"1242","N01275","李召南","李殿桐",3,"李","殿桐"
"1243","N01275","李召南","劉冠勳",3,"劉","冠勳"
"1244","N01275","李召南","聞性善",3,"聞","性善"
"1245","N01699","章錫昌","戴松恩",3,"戴","松恩"
"1246","N01699","章錫昌","張信誠",3,"張","信誠"
"1247","N01699","章錫昌","湯湘雨",3,"湯","湘雨"
"1248","N00575","常惠卿","樓福卿",3,"樓","福卿"
"1249","N00575","常惠卿","何汝楫",3,"何","汝楫"
"1250","N00575","常惠卿","羅鳳超",3,"羅","鳳超"
"1251","N01307","范先燁","高德超",3,"高","德超"
"1252","N01307","范先燁","李成藩",3,"李","成藩"
"1253","N01307","范先燁","寧嘉風",3,"寧","嘉風"
"1254","N01307","范先燁","劉植亭",3,"劉","植亭"
"1255","N01307","范先燁","呂秉仁",3,"呂","秉仁"
"1256","N01307","范先燁","許家駿",3,"許","家駿"
"1257","N01307","范先燁","李斯彥",3,"李","斯彥"
"1258","N01307","范先燁","劉振廷",3,"劉","振廷"
"1259","N01307","范先燁","白光里",3,"白","光里"
"1260","N01307","范先燁","鹿士銓",3,"鹿","士銓"
"1261","N01307","范先燁","鞠秀熙",3,"鞠","秀熙"
"1262","N01307","范先燁","劉振華",3,"劉","振華"
"1263","N01307","范先燁","賀更蘇",3,"賀","更蘇"
"1264","N01307","范先燁","薛永譽",3,"薛","永譽"
"1265","N01307","范先燁","翁和慶",3,"翁","和慶"
"1266","N01307","范先燁","張久緒",3,"張","久緒"
"1267","N01307","范先燁","沙啟霖",3,"沙","啟霖"
"1268","N01307","范先燁","李耀鈞",3,"李","耀鈞"
"1269","N01307","范先燁","呂若謙",3,"呂","若謙"
"1270","N01817","朱希亮","周先？",3,"周","先？"
"1271","N01817","朱希亮","蔡方蔭",3,"蔡","方蔭"
"1272","N01221","薛培貞","王之珍",3,"王","之珍"
"1273","N01221","薛培貞","宋根波",3,"宋","根波"
"1274","N01221","薛培貞","武崇豫",3,"武","崇豫"
"1275","N01221","薛培貞","鄧叔良",3,"鄧","叔良"
"1276","N02133","童玉民","趙運芳",3,"趙","運芳"
"1277","N02133","童玉民","陳雋人",3,"陳","雋人"
"1278","N02133","童玉民","陳之長",3,"陳","之長"
"1279","N01287","李蘊之","張壽蔭",3,"張","壽蔭"
"1280","N01287","李蘊之","沈肇柄",3,"沈","肇柄"
"1281","N01599","章克槮","李振華",3,"李","振華"
"1282","N01360","喬守琮","黃菊如",3,"黃","菊如"
"1283","N01360","喬守琮","常鳳瑑",3,"常","鳳瑑"
"1284","N01360","喬守琮","郭秀瑩",3,"郭","秀瑩"
"1285","N01361","喬守璵","黃菊如",3,"黃","菊如"
"1286","N01361","喬守璵","陳新民",3,"陳","新民"
"1287","N01361","喬守璵","常鳳瑑",3,"常","鳳瑑"
"1288","N01300","周蓁","劉光文",3,"劉","光文"
"1289","N01300","周蓁","吳志信",3,"吳","志信"
"1290","N01300","周蓁","劉雋快",3,"劉","雋快"
"1291","N01213","劉濬業","張以文",3,"張","以文"
"1292","N01213","劉濬業","顧昌雄",3,"顧","昌雄"
"1293","N01199","葉遇榮","周源楨",3,"周","源楨"
"1294","N01199","葉遇榮","伍正誠",3,"伍","正誠"
"1295","N01199","葉遇榮","劉濬業",3,"劉","濬業"
"1296","N01933","林禮銓","鮑國實",3,"鮑","國實"
"1297","N00046","張鈺哲","李方桂",3,"李","方桂"
"1298","N00046","張鈺哲","王書林",3,"王","書林"
"1299","N00046","張鈺哲","孫清波",3,"孫","清波"
"1300","N01513","林元枝","汪學熙",3,"汪","學熙"
"1301","N01513","林元枝","胡家駒",3,"胡","家駒"
"1302","N01689","林良桐","向景雲",3,"向","景雲"
"1303","N01689","林良桐","邵循怡",3,"邵","循怡"
"1304","N01689","林良桐","董鴻開",3,"董","鴻開"
"1305","N01689","林良桐","王岷源",3,"王","岷源"
"1306","N01689","林良桐","王鐵崖",3,"王","鐵崖"
"1307","N01689","林良桐","李龍伯",3,"李","龍伯"
"1308","N01141","林良桐","向景雲",3,"向","景雲"
"1309","N01141","林良桐","邵循怡",3,"邵","循怡"
"1310","N01141","林良桐","董鴻開",3,"董","鴻開"
"1311","N01141","林良桐","王岷源",3,"王","岷源"
"1312","N01141","林良桐","王鐵崖",3,"王","鐵崖"
"1313","N01141","林良桐","李龍伯",3,"李","龍伯"
"1314","N00438","林維英","陳之邁",3,"陳","之邁"
"1315","N00438","林維英","劉建華",3,"劉","建華"
"1316","N00438","林維英","王國楨",3,"王","國楨"
"1317","N00844","陳元屏","傅紹霖",3,"傅","紹霖"
"1318","N00844","陳元屏","郭頌平",3,"郭","頌平"
"1319","N00844","陳元屏","許孟雄",3,"許","孟雄"
"1320","N00071","劉錫嘏","劉潤華",3,"劉","潤華"
"1321","N00071","劉錫嘏","張鈺哲",3,"張","鈺哲"
"1322","N00071","劉錫嘏","李吟秋",3,"李","吟秋"
"1323","N00071","劉錫嘏","羅景崇",3,"羅","景崇"
"1324","N00071","劉錫嘏","黃國祥",3,"黃","國祥"
"1325","N00555","馬師伊","趙文珉",3,"趙","文珉"
"1326","N00555","馬師伊","劉穀孫",3,"劉","穀孫"
"1327","N00555","馬師伊","顧漢三",3,"顧","漢三"
"1328","N00861","傅永漢","羅隆基",3,"羅","隆基"
"1329","N00861","傅永漢","紀文勳",3,"紀","文勳"
"1330","N01146","范鐘銎","沈善焜",3,"沈","善焜"
"1331","N01146","范鐘銎","徐昌權",3,"徐","昌權"
"1332","N01694","孫觀漢","張全元",3,"張","全元"
"1333","N01694","孫觀漢","潘尚貞",3,"潘","尚貞"
"1334","N00977","高士銘","劉心顯",3,"劉","心顯"
"1335","N00977","高士銘","林長嗣",3,"林","長嗣"
"1336","N00977","高士銘","陳彪如",3,"陳","彪如"
"1337","N00977","高士銘","謝就嘉",3,"謝","就嘉"
"1338","N01377","劉振華","許家駿",3,"許","家駿"
"1339","N01377","劉振華","高德超",3,"高","德超"
"1340","N01377","劉振華","吳景芳",3,"吳","景芳"
"1341","N00166","王國忠","王造時",3,"王","造時"
"1342","N00166","王國忠","彭文應",3,"彭","文應"
"1343","N00166","王國忠","徐敦章",3,"徐","敦章"
"1344","N00630","周胤之","張國熊",3,"張","國熊"
"1345","N00630","周胤之","李克長",3,"李","克長"
"1346","N00347","何祖義","林伯遵",3,"林","伯遵"
"1347","N00347","何祖義","溫關忠",3,"溫","關忠"
"1348","N00347","何祖義","章友江",3,"章","友江"
"1349","N00684","羅香林","鄒文海",3,"鄒","文海"
"1350","N00684","羅香林","吳志翔",3,"吳","志翔"
"1351","N00684","羅香林","曾紀桐",3,"曾","紀桐"
"1352","N00684","羅香林","劉信芳",3,"劉","信芳"
"1353","N00684","羅香林","鐘耀天",3,"鐘","耀天"
"1354","N00684","羅香林","劉大白",3,"劉","大白"
"1355","N00684","羅香林","羅鳳超",3,"羅","鳳超"
"1356","N00468","鐘耀天","曾紀桐",3,"曾","紀桐"
"1357","N00468","鐘耀天","崔龍光",3,"崔","龍光"
"1358","N00468","鐘耀天","羅香林",3,"羅","香林"
"1359","N00468","鐘耀天","曹壽昌",3,"曹","壽昌"
"1360","N00468","鐘耀天","過元熙",3,"過","元熙"
"1361","N00468","鐘耀天","向理？",3,"向","理？"
"1362","N00468","鐘耀天","雲照坤",3,"雲","照坤"
"1363","N00468","鐘耀天","楊葆昌",3,"楊","葆昌"
"1364","N00285","崔龍光","雲照坤",3,"雲","照坤"
"1365","N00851","陳鴻達","施祥林",3,"施","祥林"
"1366","N00851","陳鴻達","趙九章",3,"趙","九章"
"1367","N00851","陳鴻達","楊曾蓻",3,"楊","曾蓻"
"1368","N00662","崔自新","章宗傳",3,"章","宗傳"
"1369","N00662","崔自新","陳仲秀",3,"陳","仲秀"
"1370","N00662","崔自新","張近恆",3,"張","近恆"
"1371","N00662","崔自新","邢必信",3,"邢","必信"
"1372","N00662","崔自新","樓福卿",3,"樓","福卿"
"1373","N00993","張傑","谷霽光",3,"谷","霽光"
"1374","N00993","張傑","周胤之",3,"周","胤之"
"1375","N01437","刁鴻翔","張宗和",3,"張","宗和"
"1376","N01437","刁鴻翔","王明綸",3,"王","明綸"
"1377","N01437","刁鴻翔","梁興義",3,"梁","興義"
"1378","N00254","杜長明","吳啟誠",3,"吳","啟誠"
"1379","N00254","杜長明","陳家驊",3,"陳","家驊"
"1380","N00254","杜長明","趙煦鏞",3,"趙","煦鏞"
"1381","N01264","王道平","劉光瓊",3,"劉","光瓊"
"1382","N01264","王道平","周培智",3,"周","培智"
"1383","N01460","方俊銎","李登梅",3,"李","登梅"
"1384","N01460","方俊銎","鄭克廣",3,"鄭","克廣"
"1385","N01460","方俊銎","何應麟",3,"何","應麟"
"1386","N01460","方俊銎","方俊奎",3,"方","俊奎"
"1387","N01355","盛澄華","王馨迪",3,"王","馨迪"
"1388","N01203","趙賡颺","萬鴻開",3,"萬","鴻開"
"1389","N01203","趙賡颺","張金武",3,"張","金武"
"1390","N01203","趙賡颺","黃華庭",3,"黃","華庭"
"1391","N01203","趙賡颺","尚傅道",3,"尚","傅道"
"1392","N01203","趙賡颺","何清儒",3,"何","清儒"
"1393","N02915","謝國度","何浩若",3,"何","浩若"
"1394","N02915","謝國度","旁啟祥",3,"旁","啟祥"
"1395","N01665","戴鳴鐘","曹覲虞",3,"曹","覲虞"
"1396","N01099","丁宣堉","朱紀生",3,"朱","紀生"
"1397","N01099","丁宣堉","張桂山",3,"張","桂山"
"1398","N00632","周振鶴","羅香林",3,"羅","香林"
"1399","N00632","周振鶴","顧家銓",3,"顧","家銓"
"1400","N00895","顧家銓","田保生",3,"田","保生"
"1401","N00895","顧家銓","董兆鳳",3,"董","兆鳳"
"1402","N00839","張家聲","羅北辰",3,"羅","北辰"
"1403","N00839","張家聲","熊汝達",3,"熊","汝達"
"1404","N00554","高警寒","袁翰青",3,"袁","翰青"
"1405","N00554","高警寒","施士元",3,"施","士元"
"1406","N00554","高警寒","周理魁",3,"周","理魁"
"1407","N00379","蔡鼎","蔡競平",3,"蔡","競平"
"1408","N00379","蔡鼎","向理潤",3,"向","理潤"
"1409","N00467","鐘俊麟","吳大年",3,"吳","大年"
"1410","N00467","鐘俊麟","陸大京",3,"陸","大京"
"1411","N00467","鐘俊麟","曾紀橋",3,"曾","紀橋"
"1412","N00467","鐘俊麟","鐘耀天",3,"鐘","耀天"
"1413","N01135","汪企祖","稽訓煌",3,"稽","訓煌"
"1414","N01884","汪？章","陳之長",3,"陳","之長"
"1415","N01884","汪？章","羅清生",3,"羅","清生"
"1416","N01884","汪？章","李公武",3,"李","公武"
"1417","N01787","王季玉","袁世莊",3,"袁","世莊"
"1418","N01787","王季玉","汪典存",3,"汪","典存"
"1419","N01601","盛健","方俊銎",3,"方","俊銎"
"1420","N01601","盛健","王大珩",3,"王","大珩"
"1421","N01601","盛健","王友彬",3,"王","友彬"
"1422","N00056","程強","吳祥駿",3,"吳","祥駿"
"1423","N00056","程強","汪鼎叔",3,"汪","鼎叔"
"1424","N00484","永天同","哈駿文",3,"哈","駿文"
"1425","N00484","永天同","呂實東",3,"呂","實東"
"1426","N00484","永天同","吳聊生",3,"吳","聊生"
"1427","N00484","永天同","鄒邦？",3,"鄒","邦？"
"1428","N01443","王伏雄","顧憲良",3,"顧","憲良"
"1429","N01443","王伏雄","陳熙澤",3,"陳","熙澤"
"1430","N01625","楊鎮邦","陳亞倫",3,"陳","亞倫"
"1431","N01625","楊鎮邦","王大珩",3,"王","大珩"
"1432","N01625","楊鎮邦","徐步墀",3,"徐","步墀"
"1433","N01455","王森堂","李炳之",3,"李","炳之"
"1434","N01455","王森堂","劉秉仁",3,"劉","秉仁"
"1435","N01455","王森堂","邢其淹",3,"邢","其淹"
"1436","N02698","曹濟剛","程其保",3,"程","其保"
"1437","N02698","曹濟剛","石含磻",3,"石","含磻"
"1438","N02698","曹濟剛","馮亞齡",3,"馮","亞齡"
"1439","N00556","唐德源","顧漢三",3,"顧","漢三"
"1440","N00556","唐德源","鄭一華",3,"鄭","一華"
"1441","N00556","唐德源","傅任敢",3,"傅","任敢"
"1442","N01669","韓章","田崇厚",3,"田","崇厚"
"1443","N01669","韓章","陳昌年",3,"陳","昌年"
"1444","N00490","沈錫琳","楊葆昌",3,"楊","葆昌"
"1445","N00490","沈錫琳","彭光欽",3,"彭","光欽"
"1446","N00490","沈錫琳","馮桂運",3,"馮","桂運"
"1447","N00490","沈錫琳","沈克敦",3,"沈","克敦"
"1448","N00490","沈錫琳","劉建熙",3,"劉","建熙"
"1449","N00457","董承顯","劉錦章",3,"劉","錦章"
"1450","N00457","董承顯","楊允奎",3,"楊","允奎"
"1451","N00051","黃異生","陳之辰",3,"陳","之辰"
"1452","N00051","黃異生","時昭瀛",3,"時","昭瀛"
"1453","N00051","黃異生","孫清波",3,"孫","清波"
"1454","N02839","劉中藩","李樹翹",3,"李","樹翹"
"1455","N02839","劉中藩","吳士棟",3,"吳","士棟"
"1456","N02839","劉中藩","汪心渠",3,"汪","心渠"
"1457","N02839","劉中藩","章友江",3,"章","友江"
"1458","N02839","劉中藩","徐永煐",3,"徐","永煐"
"1459","N02839","劉中藩","徐芳田",3,"徐","芳田"
"1460","N02839","劉中藩","曹光熊",3,"曹","光熊"
"1461","N02839","劉中藩","鄧健飛",3,"鄧","健飛"
"1462","N02839","劉中藩","姚名達",3,"姚","名達"
"1463","N02839","劉中藩","程瀛元",3,"程","瀛元"
"1464","N02839","劉中藩","張明昕",3,"張","明昕"
"1465","N01624","楊績昭","舒揚棨",3,"舒","揚棨"
"1466","N01624","楊績昭","朱實復",3,"朱","實復"
"1467","N01624","楊績昭","王國鎮",3,"王","國鎮"
"1468","N01186","曹覺民","李成藩",3,"李","成藩"
"1469","N01186","曹覺民","葛春林",3,"葛","春林"
"1470","N01186","曹覺民","李道煊",3,"李","道煊"
"1471","N01186","曹覺民","郝逢嘯",3,"郝","逢嘯"
"1472","N01000","陳久徵","馬增新",3,"馬","增新"
"1473","N01000","陳久徵","陳永齡",3,"陳","永齡"
"1474","N01000","陳久徵","衣復德",3,"衣","復德"
"1475","N00954","宋長波","丁尚權",3,"丁","尚權"
"1476","N00954","宋長波","張壽蔭",3,"張","壽蔭"
"1477","N01820","朱柏","熊祖同",3,"熊","祖同"
"1478","N01820","朱柏","張國輝",3,"張","國輝"
"1479","N01820","朱柏","劉紹禹",3,"劉","紹禹"
"1480","N01637","劉述真","胡繼蘇",3,"胡","繼蘇"
"1481","N01637","劉述真","傅任敢",3,"傅","任敢"
"1482","N01656","盧守珪","張運榮",3,"張","運榮"
"1483","N01656","盧守珪","楊天祥",3,"楊","天祥"
"1484","N01656","盧守珪","陳之顓",3,"陳","之顓"
"1485","N01162","翁文波","李慶遠",3,"李","慶遠"
"1486","N01162","翁文波","稽訓煌",3,"稽","訓煌"
"1487","N01162","翁文波","俞國華",3,"俞","國華"
"1488","N01536","徐步墀","楊鎮邦",3,"楊","鎮邦"
"1489","N01536","徐步墀","周新民",3,"周","新民"
"1490","N01536","徐步墀","段學復",3,"段","學復"
"1491","N01178","陳箴","梅嶺先",3,"梅","嶺先"
"1492","N01178","陳箴","李克長",3,"李","克長"
"1493","N00471","朱芳圃","戴家祥",3,"戴","家祥"
"1494","N00471","朱芳圃","王耘莊",3,"王","耘莊"
"1495","N01555","郝威","王岷源",3,"王","岷源"
"1496","N01555","郝威","李炳之",3,"李","炳之"
"1497","N00293","賀麟","張蔭麟",3,"張","蔭麟"
"1498","N01026","楊大士","尚傳道",3,"尚","傳道"
"1499","N01026","楊大士","陳承志",3,"陳","承志"
"1500","N00679","劉煒俊","梁方仲",3,"梁","方仲"
"1501","N00679","劉煒俊","湯象龍",3,"湯","象龍"
"1502","N00679","劉煒俊","吳祖光",3,"吳","祖光"
"1503","N01107","尹國塏","劉光文",3,"劉","光文"
"1504","N01107","尹國塏","張以文",3,"張","以文"
"1505","N01107","尹國塏","羨鐘芬",3,"羨","鐘芬"
"1506","N01383","鄭裕崢","汪賜曾",3,"汪","賜曾"
"1507","N01383","鄭裕崢","谷霽光",3,"谷","霽光"
"1508","N01383","鄭裕崢","嚴家壽",3,"嚴","家壽"
"1509","N00889","龍康侯","酆傳詩",3,"酆","傳詩"
"1510","N00889","龍康侯","陳遹聲",3,"陳","遹聲"
"1511","N00631","周勉","傅任敢",3,"傅","任敢"
"1512","N00631","周勉","陳仲秀",3,"陳","仲秀"
"1513","N00631","周勉","汪賜曾",3,"汪","賜曾"
"1514","N00631","周勉","聞亦齊",3,"聞","亦齊"
"1515","N00631","周勉","何浩若",3,"何","浩若"
"1516","N00631","周勉","李進巃",3,"李","進巃"
"1517","N01674","礦璧城","戴中？",3,"戴","中？"
"1518","N00527","朱君惕","侯厚吉",3,"侯","厚吉"
"1519","N02738","旁啟祥","金若霖",3,"金","若霖"
"1520","N00342","朱都範","魯潼平",3,"魯","潼平"
"1521","N00342","朱都範","酆裕坤",3,"酆","裕坤"
"1522","N00342","朱都範","趙熙雍",3,"趙","熙雍"
"1523","N00342","朱都範","賴世珍",3,"賴","世珍"
"1524","N01529","胡繼蘇","李洪謨",3,"李","洪謨"
"1525","N01529","胡繼蘇","陳士衡",3,"陳","士衡"
"1526","N01482","李承梁","鮑熙平",3,"鮑","熙平"
"1527","N01482","李承梁","王修瑜",3,"王","修瑜"
"1528","N01482","李承梁","丁正伊",3,"丁","正伊"
"1529","N01482","李承梁","羅恢廓",3,"羅","恢廓"
"1530","N01482","李承梁","黃席椿",3,"黃","席椿"
"1531","N01482","李承梁","袁慶輝",3,"袁","慶輝"
"1532","N01064","龍國鈞","黎尚曙",3,"黎","尚曙"
"1533","N01064","龍國鈞","袁慶輝",3,"袁","慶輝"
"1534","N01064","龍國鈞","陳光旭",3,"陳","光旭"
"1535","N00462","劉建熙","利家和",3,"利","家和"
"1536","N01351","郭暄","閻振興",3,"閻","振興"
"1537","N01351","郭暄","聞性善",3,"聞","性善"
"1538","N00801","李士毅","趙永餘",3,"趙","永餘"
"1539","N00801","李士毅","羅慶隆",3,"羅","慶隆"
"1540","N01672","羅仲和","張遂五",3,"張","遂五"
"1541","N01672","羅仲和","李夢雄",3,"李","夢雄"
"1542","N01672","羅仲和","王岷源",3,"王","岷源"
"1543","N01672","羅仲和","趙文璧",3,"趙","文璧"
"1544","N01672","羅仲和","譚三育",3,"譚","三育"
"1545","N01672","羅仲和","余即蓀",3,"余","即蓀"
"1546","N01565","張遂五","李夢雄",3,"李","夢雄"
"1547","N01565","張遂五","王岷源",3,"王","岷源"
"1548","N01641","劉揚華","趙修謙",3,"趙","修謙"
"1549","N01502","余即蓀","潘光旦",3,"潘","光旦"
"1550","N01502","余即蓀","韓維邦",3,"韓","維邦"
"1551","N01502","余即蓀","張景觀",3,"張","景觀"
"1552","N00247","李效民","周先庚",3,"周","先庚"
"1553","N00247","李效民","張心一",3,"張","心一"
"1554","N00247","李效民","任之恭",3,"任","之恭"
"1555","N00247","李效民","潘光迥",3,"潘","光迥"
"1556","N00247","李效民","周自江",3,"周","自江"
"1557","N00247","李效民","章友江",3,"章","友江"
"1558","N01110","左登金","熊汝達",3,"熊","汝達"
"1559","N01110","左登金","許世瑛",3,"許","世瑛"
"1560","N01110","左登金","王岷源",3,"王","岷源"
"1561","N00975","梁學彬","李景義",3,"李","景義"
"1562","N00975","梁學彬","張昌齡",3,"張","昌齡"
"1563","N00975","梁學彬","饒輔民",3,"饒","輔民"
"1564","N00085","吳韞珍","莊前鼎",3,"莊","前鼎"
"1565","N00085","吳韞珍","劉崇樂",3,"劉","崇樂"
"1566","N01130","沈乃芹","周源楨",3,"周","源楨"
"1567","N01130","沈乃芹","伍正誠",3,"伍","正誠"
"1568","N01130","沈乃芹","李良驥",3,"李","良驥"
"1569","N00480","儲皖峯","徐中舒",3,"徐","中舒"
"1570","N00480","儲皖峯","饒明達",3,"饒","明達"
"1571","N00480","儲皖峯","陸侃如",3,"陸","侃如"
"1572","N00162","王冠英","張廣興",3,"張","廣興"
"1573","N00162","王冠英","林伯遵",3,"林","伯遵"
"1574","N00162","王冠英","李鐘美",3,"李","鐘美"
"1575","N00210","賈幼慧","劉弗祺",3,"劉","弗祺"
"1576","N00210","賈幼慧","田世英",3,"田","世英"
"1577","N00764","潘載生","楊少堂",3,"楊","少堂"
"1578","N00764","潘載生","馬祖聖",3,"馬","祖聖"
"1579","N00764","潘載生","劉炳燦",3,"劉","炳燦"
"1580","N00764","潘載生","陳紹博",3,"陳","紹博"
"1581","N00764","潘載生","黃華廷",3,"黃","華廷"
"1582","N00764","潘載生","陽明炤",3,"陽","明炤"
"1583","N00700","李大璋","胡景權",3,"胡","景權"
"1584","N00700","李大璋","顧仲健",3,"顧","仲健"
"1585","N00700","李大璋","李耀鈞",3,"李","耀鈞"
"1586","N00700","李大璋","陳元驥",3,"陳","元驥"
"1587","N02164","壽勉成","蔡承新",3,"蔡","承新"
"1588","N02164","壽勉成","蔡競平",3,"蔡","競平"
"1589","N02164","壽勉成","吳大鈞",3,"吳","大鈞"
"1590","N01365","詹文讚","劉古諦",3,"劉","古諦"
"1591","N01365","詹文讚","陳蔚文",3,"陳","蔚文"
"1592","N01365","詹文讚","陳孔步",3,"陳","孔步"
"1593","N01367","雷華鈿","黎名郇",3,"黎","名郇"
"1594","N01367","雷華鈿","譚允義",3,"譚","允義"
"1595","N01367","雷華鈿","劉古諦",3,"劉","古諦"
"1596","N00854","黃華庭","趙廣颺",3,"趙","廣颺"
"1597","N01085","楊修典","蔣葆增",3,"蔣","葆增"
"1598","N01085","楊修典","張昌齡",3,"張","昌齡"
"1599","N01085","楊修典","蔡金濤",3,"蔡","金濤"
"1600","N01301","金國治","劉雋快",3,"劉","雋快"
"1601","N01301","金國治","鄭裕崢",3,"鄭","裕崢"
"1602","N01301","金國治","王肇裕",3,"王","肇裕"
"1603","N00825","邵仲和","湯子珍",3,"湯","子珍"
"1604","N00825","邵仲和","孫延中",3,"孫","延中"
"1605","N00825","邵仲和","殷大鈞",3,"殷","大鈞"
"1606","N00825","邵仲和","陳肇璋",3,"陳","肇璋"
"1607","N00825","邵仲和","姚琮銘",3,"姚","琮銘"
"1608","N00825","邵仲和","劉德鈞",3,"劉","德鈞"
"1609","N00825","邵仲和","王學俊",3,"王","學俊"
"1610","N00904","王克勤","尚傳道",3,"尚","傳道"
"1611","N01509","杜秉正","施其南",3,"施","其南"
"1612","N01509","杜秉正","黃冠華",3,"黃","冠華"
"1613","N01509","杜秉正","李霸龍",3,"李","霸龍"
"1614","N00012","李迪俊","吳大鈞",3,"吳","大鈞"
"1615","N00012","李迪俊","吳景超",3,"吳","景超"
"1616","N00012","李迪俊","趙敏恆",3,"趙","敏恆"
"1617","N00012","李迪俊","蔡承新",3,"蔡","承新"
"1618","N00012","李迪俊","沈惟泰",3,"沈","惟泰"
"1619","N00767","鄭尉梅","劉大白",3,"劉","大白"
"1620","N00767","鄭尉梅","羅香林",3,"羅","香林"
"1621","N00767","鄭尉梅","李克長",3,"李","克長"
"1622","N00767","鄭尉梅","梅嶺先",3,"梅","嶺先"
"1623","N00767","鄭尉梅","周胤之",3,"周","胤之"
"1624","N01220","薛光燕","劉秉衡",3,"劉","秉衡"
"1625","N01442","王友彬","陳亞倫",3,"陳","亞倫"
"1626","N01498","吳長賦","盧銘溥",3,"盧","銘溥"
"1627","N01498","吳長賦","張景觀",3,"張","景觀"
"1628","N01607","稽儲文","夏震華",3,"夏","震華"
"1629","N01132","吳宗濟","趙元任",3,"趙","元任"
"1630","N01132","吳宗濟","李方桂",3,"李","方桂"
"1631","N00284","陶葆楷","王仕倬",3,"王","仕倬"
"1632","N01480","李秀潔","陳增敏",3,"陳","增敏"
"1633","N01480","李秀潔","王鐘山",3,"王","鐘山"
"1634","N01480","李秀潔","夏湘蓉",3,"夏","湘蓉"
"1635","N01563","張英駿","張鼎芬",3,"張","鼎芬"
"1636","N01563","張英駿","王國瑗",3,"王","國瑗"
"1637","N01340","陳超","劉瑞章",3,"劉","瑞章"
"1638","N01340","陳超","劉冠勳",3,"劉","冠勳"
"1639","N01340","陳超","李殿桐",3,"李","殿桐"
"1640","N02297","王國彥","王國華",3,"王","國華"
"1641","N02297","王國彥","曹壽昌",3,"曹","壽昌"
"1642","N02297","王國彥","馬彥章",3,"馬","彥章"
"1643","N00666","馮家藩","何會源",3,"何","會源"
"1644","N00666","馮家藩","馮秉銓",3,"馮","秉銓"
"1645","N00666","馮家藩","張昌培",3,"張","昌培"
"1646","N00541","汪振儒","李健吾",3,"李","健吾"
"1647","N00541","汪振儒","孟廣喆",3,"孟","廣喆"
"1648","N00541","汪振儒","劉發煊",3,"劉","發煊"
"1649","N00589","翟鶴程","常惠卿",3,"常","惠卿"
"1650","N00589","翟鶴程","施國鈞",3,"施","國鈞"
"1651","N00589","翟鶴程","李泰華",3,"李","泰華"
"1652","N01458","王鐘山","郭海峯",3,"郭","海峯"
"1653","N01458","王鐘山","夏湘蓉",3,"夏","湘蓉"
"1654","N01458","王鐘山","李秀潔",3,"李","秀潔"
"1655","N00841","張勗仁","戴世光",3,"戴","世光"
"1656","N00841","張勗仁","杜俊東",3,"杜","俊東"
"1657","N00477","裴學海","裴占榮",3,"裴","占榮"
"1658","N00477","裴學海","馬鴻勳",3,"馬","鴻勳"
"1659","N00477","裴學海","曲顯功",3,"曲","顯功"
"1660","N02324","石作章","張復之",3,"張","復之"
"1661","N02324","石作章","馮鶴齡",3,"馮","鶴齡"
"1662","N02324","石作章","郭宗汾",3,"郭","宗汾"
"1663","N01519","邵育芳","張久熙",3,"張","久熙"
"1664","N01519","邵育芳","張馥？",3,"張","馥？"
"1665","N01519","邵育芳","王修瑜",3,"王","修瑜"
"1666","N00577","戚桂山","陳培蘭",3,"陳","培蘭"
"1667","N00577","戚桂山","孫學悟",3,"孫","學悟"
"1668","N00577","戚桂山","汪嘉偉",3,"汪","嘉偉"
"1669","N01953","胡學源","羅北辰",3,"羅","北辰"
"1670","N01953","胡學源","謝奮程",3,"謝","奮程"
"1671","N00699","何會源","趙康節",3,"趙","康節"
"1672","N00699","何會源","尚傅道",3,"尚","傅道"
"1673","N01386","閻連章","張壽蔭",3,"張","壽蔭"
"1674","N01386","閻連章","王景元",3,"王","景元"
"1675","N01386","閻連章","丁宣堉",3,"丁","宣堉"
"1676","N00914","王學俊","趙鳳恩",3,"趙","鳳恩"
"1677","N00914","王學俊","利家和",3,"利","家和"
"1678","N00804","李成藩","徐士瑚",3,"徐","士瑚"
"1679","N00804","李成藩","康維清",3,"康","維清"
"1680","N00804","李成藩","曹覺民",3,"曹","覺民"
"1681","N00619","司徒尹衡","綦秀英",3,"綦","秀英"
"1682","N00622","李健吾","孟廣哲",3,"孟","廣哲"
"1683","N00622","李健吾","吳達元",3,"吳","達元"
"1684","N00622","李健吾","秦善鋆",3,"秦","善鋆"
"1685","N00622","李健吾","張企泰",3,"張","企泰"
"1686","N00622","李健吾","陳麟瑞",3,"陳","麟瑞"
"1687","N00663","章宗傳","邢必信",3,"邢","必信"
"1688","N00663","章宗傳","崔自新",3,"崔","自新"
"1689","N00690","王肇徵","何會源",3,"何","會源"
"1690","N00690","王肇徵","萬鴻開",3,"萬","鴻開"
"1691","N00747","梅嶺先","李克長",3,"李","克長"
"1692","N00747","梅嶺先","鄧尉梅",3,"鄧","尉梅"
"1693","N00743","曹少英","周萃機",3,"周","萃機"
"1694","N00739","陳鳳肇","姚宗銘",3,"姚","宗銘"
"1695","N00739","陳鳳肇","胡景權",3,"胡","景權"
"1696","N00739","陳鳳肇","張駿祥",3,"張","駿祥"
"1697","N00739","陳鳳肇","馬祖聖",3,"馬","祖聖"
"1698","N00716","侯厚吉","朱君惕",3,"朱","君惕"
"1699","N00688","王家棟","黃恭仰",3,"黃","恭仰"
"1700","N00688","王家棟","趙永餘",3,"趙","永餘"
"1701","N00999","黃春雲","鐘書箴",3,"鐘","書箴"
"1702","N00966","胡愚一","彭俊才",3,"彭","俊才"
"1703","N00966","胡愚一","陳彪如",3,"陳","彪如"
"1704","N01049","鄭康祺","戴克光",3,"戴","克光"
"1705","N01049","鄭康祺","吳世英",3,"吳","世英"
"1706","N01049","鄭康祺","王化成",3,"王","化成"
"1707","N00986","張民覺","朱慶永",3,"朱","慶永"
"1708","N00986","張民覺","常鳳瑑",3,"常","鳳瑑"
"1709","N00986","張民覺","周先庚",3,"周","先庚"
"1710","N00986","張民覺","陳光旭",3,"陳","光旭"
"1711","N00908","王啟無","王世德",3,"王","世德"
"1712","N00941","李國幹","李殿桐",3,"李","殿桐"
"1713","N00941","李國幹","張仲魯",3,"張","仲魯"
"1714","N01012","許寶騄","王竹溪",3,"王","竹溪"
"1715","N01012","許寶騄","王憲鈞",3,"王","憲鈞"
"1716","N01012","許寶騄","汪澤涵",3,"汪","澤涵"
"1717","N01037","劉友灤","徐文祥",3,"徐","文祥"
"1718","N01037","劉友灤","馬季廉",3,"馬","季廉"
"1719","N01037","劉友灤","王毓鐮",3,"王","毓鐮"
"1720","N00933","向仲","潘次儂",3,"潘","次儂"
"1721","N00933","向仲","郭秀瑩",3,"郭","秀瑩"
"1722","N00933","向仲","孫德銓",3,"孫","德銓"
"1723","N00864","陽明炤","劉炳新",3,"劉","炳新"
"1724","N00864","陽明炤","徐鐘瀚",3,"徐","鐘瀚"
"1725","N00786","王肇徵","何會源",3,"何","會源"
"1726","N00786","王肇徵","萬鴻開",3,"萬","鴻開"
"1727","N00855","郭會曾","馮肇傳",3,"馮","肇傳"
"1728","N00838","張有齡","馬新增",3,"馬","新增"
"1729","N00838","張有齡","覃修典",3,"覃","修典"
"1730","N00838","張有齡","劉迺桐",3,"劉","迺桐"
"1731","N00888","謝瑩","趙光賢",3,"趙","光賢"
"1732","N00888","謝瑩","鄭善夫",3,"鄭","善夫"
"1733","N01390","濮思本","劉雋快",3,"劉","雋快"
"1734","N01390","濮思本","吳尊爵",3,"吳","尊爵"
"1735","N01269","王錫敏","汪德熙",3,"汪","德熙"
"1736","N01269","王錫敏","陳增敏",3,"陳","增敏"
"1737","N01385","樊際麟","黃京群",3,"黃","京群"
"1738","N01389","戴進","陳汝治",3,"陳","汝治"
"1739","N01389","戴進","陳祖東",3,"陳","祖東"
"1740","N01389","戴進","金國治",3,"金","國治"
"1741","N01616","賀恩慈","張鏡榮",3,"張","鏡榮"
"1742","N01616","賀恩慈","容啟東",3,"容","啟東"
"1743","N01631","萬賡年","高葆琦",3,"高","葆琦"
"1744","N01631","萬賡年","曹保頤",3,"曹","保頤"
"1745","N01667","謝毓章","王大珩",3,"王","大珩"
"1746","N01667","謝毓章","項毓元",3,"項","毓元"
"1747","N01667","謝毓章","顧漢章",3,"顧","漢章"
"1748","N01573","張？祥","孫修已",3,"孫","修已"
"1749","N01573","張？祥","金大本",3,"金","大本"
"1750","N01573","張？祥","張惠中",3,"張","惠中"
"1751","N01551","袁家麟","趙澤同",3,"趙","澤同"
"1752","N01551","袁家麟","邵循怡",3,"邵","循怡"
"1753","N01551","袁家麟","李朝光",3,"李","朝光"
"1754","N01551","袁家麟","胡家駒",3,"胡","家駒"
"1755","N01658","錢三強","王大珩",3,"王","大珩"
"1756","N01658","錢三強","陳亞倫",3,"陳","亞倫"
"1757","N01658","錢三強","楊鎮邦",3,"楊","鎮邦"
"1758","N01520","邵循怡","袁家麟",3,"袁","家麟"
"1759","N01520","邵循怡","林良桐",3,"林","良桐"
"1760","N01520","邵循怡","王鐵崖",3,"王","鐵崖"
"1761","N01520","邵循怡","唐寶鑫",3,"唐","寶鑫"
"1762","N01520","邵循怡","王萬福",3,"王","萬福"
"1763","N01520","邵循怡","徐毓枬",3,"徐","毓枬"
"1764","N01666","檀伯孚","劉振華",3,"劉","振華"
"1765","N01666","檀伯孚","吳景芳",3,"吳","景芳"
"1766","N01666","檀伯孚","劉之根",3,"劉","之根"
"1767","N01610","傅茵波","高思勤",3,"高","思勤"
"1768","N01548","孫作霖","聞一多",3,"聞","一多"
"1769","N01564","張運榮","王國鎮",3,"王","國鎮"
"1770","N01564","張運榮","盧守珪",3,"盧","守珪"
"1771","N01564","張運榮","金啟疇",3,"金","啟疇"
"1772","N01579","陳亞倫","王大珩",3,"王","大珩"
"1773","N01579","陳亞倫","艾維超",3,"艾","維超"
"1774","N01579","陳亞倫","王友彬",3,"王","友彬"
"1775","N01579","陳亞倫","錢三強",3,"錢","三強"
"1776","N01456","王萬福","唐寶鑫",3,"唐","寶鑫"
"1777","N01456","王萬福","張佩琳",3,"張","佩琳"
"1778","N01456","王萬福","孫作雲",3,"孫","作雲"
"1779","N01504","呂秉仁","劉績亭",3,"劉","績亭"
"1780","N01504","呂秉仁","范先燁",3,"范","先燁"
"1781","N01504","呂秉仁","沙啟霖",3,"沙","啟霖"
"1782","N01467","司澂","侯國璠",3,"侯","國璠"
"1783","N01467","司澂","張景觀",3,"張","景觀"
"1784","N01467","司澂","高介清",3,"高","介清"
"1785","N01127","李肇祥","譚葆泰",3,"譚","葆泰"
"1786","N01111","朱民聲","戴世光",3,"戴","世光"
"1787","N01111","朱民聲","沈崇誨",3,"沈","崇誨"
"1788","N01111","朱民聲","趙燕生",3,"趙","燕生"
"1789","N01223","謝家澤","劉德誠",3,"劉","德誠"
"1790","N01223","謝家澤","顧傅潤",3,"顧","傅潤"
"1791","N01189","許家駿","高德超",3,"高","德超"
"1792","N01189","許家駿","劉振華",3,"劉","振華"
"1793","N01189","許家駿","李耀鈞",3,"李","耀鈞"
"1794","N01189","許家駿","姚琮銘",3,"姚","琮銘"
"1795","N01189","許家駿","金郁珍",3,"金","郁珍"
"1796","N01189","許家駿","劉德鈞",3,"劉","德鈞"
"1797","N01155","唐湘","孟廣俊",3,"孟","廣俊"
"1798","N01155","唐湘","陸繼憲",3,"陸","繼憲"
"1799","N01155","唐湘","顧傅潤",3,"顧","傅潤"
"1800","N01248","溫步頤","袁翰青",3,"袁","翰青"
"1801","N01248","溫步頤","曾昭掄",3,"曾","昭掄"
"1802","N00388","王耘莊","朱芳圃",3,"朱","芳圃"
"1803","N00388","王耘莊","陳守寔",3,"陳","守寔"
"1804","N00402","陶國賢","吳其昌",3,"吳","其昌"
"1805","N00402","陶國賢","羅興林",3,"羅","興林"
"1806","N00402","陶國賢","宋益清",3,"宋","益清"
"1807","N00416","張賢珙","朱君毅",3,"朱","君毅"
"1808","N00416","張賢珙","湯佩松",3,"湯","佩松"
"1809","N00416","張賢珙","桂質廷",3,"桂","質廷"
"1810","N00382","繆經田","薛維藩",3,"薛","維藩"
"1811","N00382","繆經田","王愼名",3,"王","愼名"
"1812","N00382","繆經田","黃異生",3,"黃","異生"
"1813","N00355","邵曾華","陳長桐",3,"陳","長桐"
"1814","N00355","邵曾華","吳景超",3,"吳","景超"
"1815","N00357","高文源","楊承祥",3,"楊","承祥"
"1816","N00357","高文源","李輯祥",3,"李","輯祥"
"1817","N00084","李書田","徐世大",3,"徐","世大"
"1818","N00084","李書田","高鏡瑩",3,"高","鏡瑩"
"1819","N00084","李書田","張偉民",3,"張","偉民"
"1820","N00043","夏彥儒","王國華",3,"王","國華"
"1821","N00043","夏彥儒","梅旸春",3,"梅","旸春"
"1822","N00029","辛文錡","陳崇武",3,"陳","崇武"
"1823","N00029","辛文錡","劉弗祺",3,"劉","弗祺"
"1824","N00019","吳文藻","梁實秋",3,"梁","實秋"
"1825","N00019","吳文藻","潘光旦",3,"潘","光旦"
"1826","N00019","吳文藻","吳景超",3,"吳","景超"
"1827","N00009","全增嘏","吳澤深",3,"吳","澤深"
"1828","N00009","全增嘏","董任堅",3,"董","任堅"
"1829","N00009","全增嘏","陳嗚一",3,"陳","嗚一"
"1830","N00006","方重","時沼瀛",3,"時","沼瀛"
"1831","N00006","方重","谢文炳",3,"谢","文炳"
"1832","N00006","方重","闻一多",3,"闻","一多"
"1833","N00606","蓋文徵","劉盼遂",3,"劉","盼遂"
"1834","N00603","徐景賢","羅根澤",3,"羅","根澤"
"1835","N00603","徐景賢","姚銘達",3,"姚","銘達"
"1836","N00603","徐景賢","儲皖峰",3,"儲","皖峰"
"1837","N00516","蔭本達","王華彬",3,"王","華彬"
"1838","N00521","王子屏","樓福卿",3,"樓","福卿"
"1839","N00521","王子屏","嚴志偉",3,"嚴","志偉"
"1840","N00521","王子屏","謝兆芬",3,"謝","兆芬"
"1841","N00220","蔡方蔭","黃學詩",3,"黃","學詩"
"1842","N00220","蔡方蔭","梁思成",3,"梁","思成"
"1843","N00220","蔡方蔭","陶葆楷",3,"陶","葆楷"
"1844","N00165","王造時","王國忠",3,"王","國忠"
"1845","N00165","王造時","彭文應",3,"彭","文應"
"1846","N00165","王造時","陳國瑲",3,"陳","國瑲"
"1847","N00218","劉遵憲","蘇益信",3,"蘇","益信"
"1848","N00218","劉遵憲","梁秩章",3,"梁","秩章"
"1849","N00191","高士其","劉馭萬",3,"劉","馭萬"
"1850","N00188","相壽祖","丁濟祥",3,"丁","濟祥"
"1851","N00215","裴鑑","趙錫麟",3,"趙","錫麟"
"1852","N00215","裴鑑","段續川",3,"段","續川"
"1853","N00215","裴鑑","顧謙吉",3,"顧","謙吉"
"1854","N00455","程伯京","宋景賢",3,"宋","景賢"
"1855","N00455","程伯京","聞亦濟",3,"聞","亦濟"
"1856","N00448","陳之邁","林維英",3,"林","維英"
"1857","N00448","陳之邁","趙訪熊",3,"趙","訪熊"
"1858","N00448","陳之邁","張彝鼎",3,"張","彝鼎"
"1859","N00451","陳鏻瑞","林維英",3,"林","維英"
"1860","N00451","陳鏻瑞","諶志遠",3,"諶","志遠"
"1861","N00451","陳鏻瑞","王炳南",3,"王","炳南"
"1862","N00323","姚名達","儲皖峯",3,"儲","皖峯"
"1863","N00310","方莊猷","徐中舒",3,"徐","中舒"
"1864","N00321","高亭","劉盼遂",3,"劉","盼遂"
"1865","N00321","高亭","羅根澤",3,"羅","根澤"
"1866","N00321","高亭","謝剛主",3,"謝","剛主"
"1867","N00265","梁矩章","梁秩章",3,"梁","秩章"
"1868","N00127","張喬嗇","聞亦齊",3,"聞","亦齊"
"1869","N00127","張喬嗇","羅家選",3,"羅","家選"
"1870","N00150","駱啟榮","周先庚",3,"周","先庚"
"1871","N00095","李方桂","趙元任",3,"趙","元任"
"1872","N00095","李方桂","張鈺哲",3,"張","鈺哲"
"1873","N00153","蕭慶雲","張洪沅",3,"張","洪沅"
"1874","N00153","蕭慶雲","黃學詩",3,"黃","學詩"
"1875","N00153","蕭慶雲","黃育賢",3,"黃","育賢"
"1876","N00153","蕭慶雲","余紹光",3,"余","紹光"
"1877","N00153","蕭慶雲","趙恩鉅",3,"趙","恩鉅"
"1878","N00155","羅孝章","周大瑤",3,"周","大瑤"
"1879","N00155","羅孝章","劉建華",3,"劉","建華"
"1880","N00155","羅孝章","王華彬",3,"王","華彬"
"1881","N00155","羅孝章","王國楨",3,"王","國楨"
"1882","N01936","林繼庸","熊祖同",3,"熊","祖同"
"1883","N01936","林繼庸","何慶曾",3,"何","慶曾"
"1884","N01936","林繼庸","程耀椿",3,"程","耀椿"
"1885","N01807","卞彭","時昭瀛",3,"時","昭瀛"
"1886","N01807","卞彭","吳國楨",3,"吳","國楨"
"1887","N01726","傅爾邠","孫學悟",3,"孫","學悟"
"1888","N01726","傅爾邠","侯德榜",3,"侯","德榜"
"1889","N01726","傅爾邠","燕春臺",3,"燕","春臺"
"1890","N02468","林溁慶","施博羣",3,"施","博羣"
"1891","N02468","林溁慶","程瀛章",3,"程","瀛章"
"1892","N02468","林溁慶","郭承志",3,"郭","承志"
"1893","N02487","姚純","喬萬選",3,"喬","萬選"
"1894","N02695","曹彬","余和春",3,"余","和春"
"1895","N02518","徐威","袁伯燾",3,"袁","伯燾"
"1896","N02518","徐威","孫承謨",3,"孫","承謨"
"1897","N02518","徐威","魏菊峰",3,"魏","菊峰"
"1898","N02518","徐威","張士培",3,"張","士培"
